PIXEL_INDEX,MIN_LAT,MAX_LAT,MIN_LON,MAX_LON,AM,NEUTRON_DEN,W_MGO,W_AL2O3,W_SIO2,W_CAO,W_TIO2,W_FEO,W_K,W_TH,W_U,"E[0,0]","E[0,1]","E[0,2]","E[0,3]","E[0,4]","E[0,5]","E[0,6]","E[0,7]","E[0,8]","E[1,1]","E[1,2]","E[1,3]","E[1,4]","E[1,5]","E[1,6]","E[1,7]","E[1,8]","E[2,2]","E[2,3]","E[2,4]","E[2,5]","E[2,6]","E[2,7]","E[2,8]","E[3,3]","E[3,4]","E[3,5]","E[3,6]","E[3,7]","E[3,8]","E[4,4]","E[4,5]","E[4,6]","E[4,7]","E[4,8]","E[5,5]","E[5,6]","E[5,7]","E[5,8]","E[6,6]","E[6,7]","E[6,8]","E[7,7]","E[7,8]","E[8,8]"
0,-90.0,-80.0,-180.0,180.0,21.69,1.511e-06,0.076125,0.27394,0.449,0.16137,0.0012562,0.051815,427.18,0.79407,0.21578,1.6085e-06,0.0,0.0,-4.5941e-07,0.0,0.0,-0.0053954,3.5714e-08,-6.5936e-07,3.9236e-06,0.0,-1.2427e-06,0.0,-3.6038e-07,0.00098139,-3.3256e-06,9.9785e-07,2.9494e-06,-1.1325e-07,-8.9277e-08,2.8653e-08,0.0036694,3.5858e-06,-5.3448e-06,1.3935e-06,0.0,0.0,0.00058501,-1.1972e-06,1.6118e-06,3.4855e-08,6.6466e-09,-8.0459e-05,4.6853e-08,3.8242e-07,1.283e-07,7.5009e-05,1.633e-07,4.8687e-07,59.638,0.0,0.0,8.0592e-05,-1.1773e-05,4.6219e-05
1,-80.0,-60.0,-180.0,-135.0,21.917,1.219e-06,0.088363,0.22232,0.45014,0.15223,0.0045528,0.08216,805.5,1.8242,0.49702,6.8781e-06,0.0,0.0,-2.051e-06,0.0,0.0,-0.022954,6.7586e-07,-2.8447e-06,1.6886e-05,0.0,-5.6308e-06,0.0,-1.7231e-06,0.0038646,-1.3265e-05,5.5956e-06,1.2446e-05,-3.2279e-07,-4.7426e-07,4.0627e-08,0.0159,1.5302e-05,-2.4016e-05,6.213e-06,0.0,0.0,0.0026409,-5.8804e-06,6.1898e-06,2.3246e-07,5.8356e-08,-0.00042271,1.1504e-07,2.1335e-06,7.8567e-07,0.00049901,4.2946e-07,2.3669e-06,253.75,0.0,0.0,0.00034785,-5.5362e-05,0.0001996
2,-80.0,-60.0,-135.0,-90.0,21.877,1.4485e-06,0.073996,0.25775,0.44824,0.1555,0.0013515,0.055366,443.76,1.0176,0.2768,6.2426e-06,0.0,0.0,-1.8194e-06,0.0,0.0,-0.020901,2.1803e-07,-2.6696e-06,1.531e-05,0.0,-4.9314e-06,0.0,-1.4372e-06,0.0037388,-1.2712e-05,4.1052e-06,1.1416e-05,-3.8623e-07,-3.6477e-07,1.06e-07,0.014175,1.3967e-05,-2.1009e-05,5.5032e-06,0.0,0.0,0.0023252,-4.8838e-06,6.1921e-06,1.49e-07,3.0024e-08,-0.00032196,1.6913e-07,1.5904e-06,5.3811e-07,0.00034589,5.9323e-07,1.9463e-06,230.93,0.0,0.0,0.00031626,-4.717e-05,0.00018278
3,-80.0,-60.0,-90.0,-45.0,21.692,1.554e-06,0.063503,0.27253,0.45109,0.15816,0.0024823,0.044953,252.53,0.48212,0.13062,5.9512e-06,0.0,0.0,-1.7012e-06,0.0,0.0,-0.019817,2.9967e-08,-2.5387e-06,1.4521e-05,0.0,-4.581e-06,0.0,-1.3168e-06,0.0036565,-1.2266e-05,3.4071e-06,1.0892e-05,-4.0419e-07,-3.2318e-07,1.2767e-07,0.013297,1.3212e-05,-1.9466e-05,5.1358e-06,0.0,0.0,0.0021499,-4.411e-06,6.0471e-06,1.2274e-07,2.1523e-08,-0.00028355,1.7841e-07,1.3784e-06,4.5168e-07,0.00028457,6.3126e-07,1.7587e-06,217.56,0.0,0.0,0.00029693,-4.2754e-05,0.00017248
4,-80.0,-60.0,-45.0,0.0,21.661,1.5517e-06,0.06606,0.2822,0.44403,0.16435,0.0013358,0.04484,240.79,0.55625,0.15086,6.6052e-06,0.0,0.0,-1.887e-06,0.0,0.0,-0.021972,4.3699e-08,-2.8076e-06,1.612e-05,0.0,-5.081e-06,0.0,-1.4625e-06,0.0040523,-1.3607e-05,3.8001e-06,1.2082e-05,-4.4265e-07,-3.5785e-07,1.4075e-07,0.014728,1.4656e-05,-2.1555e-05,5.6909e-06,0.0,0.0,0.0023889,-4.8884e-06,6.6734e-06,1.3571e-07,2.3902e-08,-0.0003129,1.9646e-07,1.5241e-06,5.024e-07,0.0003163,6.9838e-07,1.9523e-06,240.63,0.0,0.0,0.00032896,-4.7425e-05,0.00019083
5,-80.0,-60.0,0.0,45.0,21.678,1.5703e-06,0.068243,0.27855,0.4388,0.1596,0.0020395,0.043242,229.65,0.45553,0.12336,6.4847e-06,0.0,0.0,-1.8468e-06,0.0,0.0,-0.021599,1.0519e-08,-2.7278e-06,1.58e-05,0.0,-4.9622e-06,0.0,-1.4245e-06,0.0040063,-1.3408e-05,3.6498e-06,1.1856e-05,-4.3825e-07,-3.4744e-07,1.4396e-07,0.014455,1.4392e-05,-2.1098e-05,5.5648e-06,0.0,0.0,0.0023416,-4.7541e-06,6.5768e-06,1.3042e-07,2.228e-08,-0.00030489,1.952e-07,1.4772e-06,4.8259e-07,0.00030458,6.9761e-07,1.895e-06,236.77,0.0,0.0,0.00032289,-4.6317e-05,0.00018744
6,-80.0,-60.0,45.0,90.0,21.794,1.5384e-06,0.069858,0.26802,0.44436,0.15854,0.0032079,0.048803,233.0,0.6102,0.16558,6.2134e-06,0.0,0.0,-1.7872e-06,0.0,0.0,-0.020729,6.8721e-08,-2.6778e-06,1.5188e-05,0.0,-4.8166e-06,0.0,-1.3861e-06,0.0038057,-1.2826e-05,3.6516e-06,1.1379e-05,-4.191e-07,-3.4228e-07,1.2693e-07,0.013936,1.3864e-05,-2.0504e-05,5.3996e-06,0.0,0.0,0.0022626,-4.6696e-06,6.3295e-06,1.3194e-07,2.3719e-08,-0.00030116,1.8381e-07,1.4702e-06,4.8428e-07,0.00030695,6.4812e-07,1.8653e-06,228.14,0.0,0.0,0.00031267,-4.5323e-05,0.00018135
7,-80.0,-60.0,90.0,135.0,21.76,1.4952e-06,0.074855,0.27428,0.45074,0.15871,0.0021993,0.052625,337.96,0.66635,0.18091,6.0795e-06,0.0,0.0,-1.7593e-06,0.0,0.0,-0.020265,1.1508e-07,-2.6053e-06,1.488e-05,0.0,-4.7551e-06,0.0,-1.3756e-06,0.0036762,-1.2403e-05,3.7257e-06,1.1119e-05,-3.9597e-07,-3.4349e-07,1.1422e-07,0.013674,1.3505e-05,-2.0184e-05,5.315e-06,0.0,0.0,0.0022247,-4.6254e-06,6.1135e-06,1.3601e-07,2.5832e-08,-0.00030147,1.739e-07,1.4835e-06,4.959e-07,0.00031516,6.0701e-07,1.8553e-06,222.72,0.0,0.0,0.00030374,-4.4508e-05,0.00017664
8,-80.0,-60.0,135.0,180.0,21.741,1.3358e-06,0.085362,0.2561,0.45343,0.16307,0.001458,0.065614,661.45,1.5306,0.41686,6.7543e-06,0.0,0.0,-1.989e-06,0.0,0.0,-0.022474,4.2965e-07,-2.786e-06,1.651e-05,0.0,-5.3988e-06,0.0,-1.6037e-06,0.0038951,-1.3326e-05,4.9192e-06,1.2252e-05,-3.6554e-07,-4.2259e-07,8.5014e-08,0.015372,1.4957e-05,-2.2924e-05,5.9894e-06,0.0,0.0,0.0025477,-5.4646e-06,6.3445e-06,1.8669e-07,4.2176e-08,-0.00037166,1.5358e-07,1.8601e-06,6.5317e-07,0.00042146,5.4777e-07,2.1681e-06,246.74,0.0,0.0,0.00033832,-5.2066e-05,0.00019422
9,-60.0,-40.0,-180.0,-150.0,22.019,1.1495e-06,0.081607,0.19624,0.46531,0.14717,0.0080758,0.098434,691.33,1.4921,0.40633,1.0434e-05,0.0,0.0,-3.143e-06,0.0,0.0,-0.034935,1.5787e-06,-4.8405e-06,2.6227e-05,0.0,-8.8763e-06,0.0,-2.7251e-06,0.0056528,-2.0059e-05,9.2586e-06,1.9305e-05,-5.594e-07,-7.8923e-07,-8.6624e-09,0.024598,2.3956e-05,-3.7974e-05,9.8015e-06,0.0,0.0,0.0039653,-9.7658e-06,9.6824e-06,4.0644e-07,1.0591e-07,-0.00069535,9.0186e-08,3.5647e-06,1.3296e-06,0.00083954,3.9697e-07,3.8655e-06,390.57,0.0,0.0,0.00054162,-8.8691e-05,0.0003093
10,-60.0,-40.0,-150.0,-120.0,21.868,1.394e-06,0.066621,0.23519,0.46249,0.15315,0.0035427,0.063347,515.02,1.0658,0.28997,9.7586e-06,0.0,0.0,-2.8607e-06,0.0,0.0,-0.032853,7.977e-07,-4.4508e-06,2.4297e-05,0.0,-7.8957e-06,0.0,-2.2855e-06,0.0056622,-2.0009e-05,7.0199e-06,1.8158e-05,-6.6341e-07,-6.0431e-07,1.3121e-07,0.022552,2.2497e-05,-3.3802e-05,8.8326e-06,0.0,0.0,0.0036507,-8.2743e-06,9.8995e-06,2.5193e-07,5.2707e-08,-0.00052737,2.2398e-07,2.6272e-06,8.8803e-07,0.0005864,7.9293e-07,3.1566e-06,366.25,0.0,0.0,0.00050856,-7.8103e-05,0.00028857
11,-60.0,-40.0,-120.0,-90.0,21.816,1.5857e-06,0.045779,0.26634,0.4606,0.16202,0.0037883,0.046356,189.59,0.21736,0.058339,8.7129e-06,0.0,0.0,-2.4883e-06,0.0,0.0,-0.029341,2.6705e-07,-4.0876e-06,2.1648e-05,0.0,-6.8042e-06,0.0,-1.9236e-06,0.0053287,-1.854e-05,5.0912e-06,1.6331e-05,-6.9899e-07,-4.7745e-07,1.8575e-07,0.019797,2.0095e-05,-2.9218e-05,7.6879e-06,0.0,0.0,0.0031473,-6.8364e-06,9.4019e-06,1.7535e-07,2.8736e-08,-0.00041495,2.5329e-07,2.0178e-06,6.447e-07,0.00041765,9.0247e-07,2.6141e-06,326.76,0.0,0.0,0.00045191,-6.5484e-05,0.00025912
12,-60.0,-40.0,-90.0,-60.0,21.755,1.5532e-06,0.054879,0.26933,0.45522,0.15531,0.0049003,0.051078,75.411,0.13229,0.035114,8.6658e-06,0.0,0.0,-2.4875e-06,0.0,0.0,-0.029011,3.1682e-07,-4.0996e-06,2.1605e-05,0.0,-6.8414e-06,0.0,-1.9362e-06,0.0052224,-1.8253e-05,5.2442e-06,1.6252e-05,-6.8783e-07,-4.8514e-07,1.7423e-07,0.019651,1.9895e-05,-2.9247e-05,7.7106e-06,0.0,0.0,0.0031044,-6.876e-06,9.3016e-06,1.822e-07,3.1008e-08,-0.00041976,2.4875e-07,2.059e-06,6.6417e-07,0.0004273,8.6711e-07,2.6325e-06,321.81,0.0,0.0,0.0004464,-6.5051e-05,0.00025644
13,-60.0,-40.0,-60.0,-30.0,21.834,1.3798e-06,0.066113,0.2588,0.44726,0.16236,0.0060848,0.065185,290.48,0.53006,0.14371,9.2632e-06,0.0,0.0,-2.7365e-06,0.0,0.0,-0.030932,7.4362e-07,-4.4153e-06,2.3303e-05,0.0,-7.6312e-06,0.0,-2.2056e-06,0.0053049,-1.8822e-05,6.774e-06,1.7321e-05,-6.4374e-07,-5.8472e-07,1.1687e-07,0.021319,2.1235e-05,-3.2424e-05,8.5151e-06,0.0,0.0,0.0033965,-7.9112e-06,9.5071e-06,2.4823e-07,5.2804e-08,-0.0005062,2.1559e-07,2.556e-06,8.6506e-07,0.00055909,7.3502e-07,3.0497e-06,343.67,0.0,0.0,0.00047634,-7.2911e-05,0.00027402
14,-60.0,-40.0,-30.0,0.0,21.596,1.4919e-06,0.068473,0.27338,0.44317,0.16539,0.0038499,0.0459,289.83,0.63273,0.17174,9.9084e-06,0.0,0.0,-2.8504e-06,0.0,0.0,-0.033055,5.2082e-07,-4.425e-06,2.4527e-05,0.0,-7.8019e-06,0.0,-2.2231e-06,0.0058583,-2.0504e-05,6.3782e-06,1.8386e-05,-7.1259e-07,-5.6576e-07,1.9145e-07,0.022425,2.2562e-05,-3.3165e-05,8.7525e-06,0.0,0.0,0.003599,-7.9416e-06,1.0161e-05,2.1904e-07,4.0707e-08,-0.00048714,2.5877e-07,2.404e-06,7.8183e-07,0.00051518,9.3644e-07,2.9731e-06,364.37,0.0,0.0,0.00050546,-7.5177e-05,0.00028701
15,-60.0,-40.0,0.0,30.0,21.615,1.4536e-06,0.071162,0.25362,0.44813,0.16172,0.0052977,0.052101,297.84,0.66663,0.18099,9.8677e-06,0.0,0.0,-2.8582e-06,0.0,0.0,-0.032883,6.1187e-07,-4.4284e-06,2.4465e-05,0.0,-7.8507e-06,0.0,-2.248e-06,0.0057655,-2.0246e-05,6.6002e-06,1.8309e-05,-7.0075e-07,-5.7962e-07,1.7111e-07,0.022409,2.2461e-05,-3.3371e-05,8.7964e-06,0.0,0.0,0.0035946,-8.0604e-06,1.0067e-05,2.3077e-07,4.4795e-08,-0.00050026,2.484e-07,2.4784e-06,8.1776e-07,0.00053704,8.8612e-07,3.0311e-06,362.7,0.0,0.0,0.0005039,-7.5744e-05,0.0002862
16,-60.0,-40.0,30.0,60.0,21.649,1.5292e-06,0.064919,0.28162,0.44317,0.15887,0.0030515,0.049268,232.01,0.42345,0.1146,9.6258e-06,0.0,0.0,-2.7598e-06,0.0,0.0,-0.032162,4.2747e-07,-4.376e-06,2.3883e-05,0.0,-7.5565e-06,0.0,-2.1496e-06,0.0057683,-2.017e-05,5.9316e-06,1.7941e-05,-7.2717e-07,-5.4016e-07,1.902e-07,0.02177,2.2038e-05,-3.2257e-05,8.4974e-06,0.0,0.0,0.0034696,-7.6364e-06,1.0091e-05,2.0441e-07,3.5993e-08,-0.00046625,2.6453e-07,2.2892e-06,7.4494e-07,0.00048211,9.4404e-07,2.9048e-06,355.35,0.0,0.0,0.00049316,-7.2598e-05,0.00028112
17,-60.0,-40.0,60.0,90.0,21.893,1.4177e-06,0.072016,0.24561,0.44574,0.15733,0.0064014,0.068091,200.09,0.37326,0.1009,8.8635e-06,0.0,0.0,-2.6111e-06,0.0,0.0,-0.029669,6.1544e-07,-4.2366e-06,2.2252e-05,0.0,-7.2539e-06,0.0,-2.0861e-06,0.0051337,-1.8143e-05,6.2366e-06,1.6591e-05,-6.4465e-07,-5.4644e-07,1.2088e-07,0.02039,2.0352e-05,-3.0953e-05,8.1221e-06,0.0,0.0,0.0032419,-7.4864e-06,9.2619e-06,2.2651e-07,4.6035e-08,-0.00047429,2.1983e-07,2.3835e-06,8.0179e-07,0.00051851,7.3762e-07,2.8975e-06,330.18,0.0,0.0,0.0004571,-6.9252e-05,0.00026362
18,-60.0,-40.0,90.0,120.0,21.847,1.4382e-06,0.057752,0.26625,0.45025,0.15362,0.0062796,0.062937,291.48,0.48291,0.13083,8.9613e-06,0.0,0.0,-2.6246e-06,0.0,0.0,-0.030014,5.8812e-07,-4.2587e-06,2.2477e-05,0.0,-7.2766e-06,0.0,-2.0886e-06,0.0052181,-1.8463e-05,6.2098e-06,1.6782e-05,-6.5123e-07,-5.4338e-07,1.3405e-07,0.020577,2.0585e-05,-3.1073e-05,8.147e-06,0.0,0.0,0.0032818,-7.4652e-06,9.3584e-06,2.2137e-07,4.4052e-08,-0.00047203,2.2667e-07,2.356e-06,7.8621e-07,0.00050973,7.7417e-07,2.8833e-06,333.94,0.0,0.0,0.00046177,-6.9689e-05,0.00026592
19,-60.0,-40.0,120.0,150.0,21.66,1.4575e-06,0.06406,0.26782,0.45091,0.16852,0.0028662,0.052609,429.01,0.82882,0.22527,9.3954e-06,0.0,0.0,-2.7188e-06,0.0,0.0,-0.031449,5.942e-07,-4.2026e-06,2.3316e-05,0.0,-7.4651e-06,0.0,-2.1397e-06,0.0055206,-1.9396e-05,6.3096e-06,1.7454e-05,-6.5971e-07,-5.5062e-07,1.6566e-07,0.021416,2.1484e-05,-3.1791e-05,8.3652e-06,0.0,0.0,0.0034511,-7.675e-06,9.5771e-06,2.1815e-07,4.214e-08,-0.00047647,2.3704e-07,2.3543e-06,7.7747e-07,0.00051284,8.5005e-07,2.883e-06,347.88,0.0,0.0,0.00048233,-7.2558e-05,0.00027351
20,-60.0,-40.0,150.0,180.0,21.943,1.1515e-06,0.085334,0.22523,0.45428,0.15373,0.0059937,0.08359,968.82,2.2421,0.61109,1.0335e-05,0.0,0.0,-3.0944e-06,0.0,0.0,-0.03477,1.6146e-06,-4.5094e-06,2.5741e-05,0.0,-8.6491e-06,0.0,-2.6492e-06,0.0056153,-2.0067e-05,9.225e-06,1.8987e-05,-5.2029e-07,-7.6707e-07,1.8758e-08,0.024393,2.381e-05,-3.7152e-05,9.552e-06,0.0,0.0,0.0040047,-9.5921e-06,9.3734e-06,3.9035e-07,1.0195e-07,-0.00067719,8.2855e-08,3.4438e-06,1.2649e-06,0.00082842,4.3763e-07,3.6827e-06,388.27,0.0,0.0,0.00054218,-8.9139e-05,0.00030302
21,-40.0,-20.0,-180.0,-157.5,21.871,1.2517e-06,0.077559,0.21394,0.45943,0.15716,0.0058919,0.082126,844.76,1.8535,0.50501,1.3827e-05,0.0,0.0,-4.1875e-06,0.0,0.0,-0.047028,1.737e-06,-6.1516e-06,3.4437e-05,0.0,-1.1515e-05,0.0,-3.4163e-06,0.0071528,-2.6936e-05,1.1432e-05,2.5434e-05,-7.8629e-07,-9.3063e-07,8.1402e-08,0.032982,3.1142e-05,-4.8912e-05,1.2769e-05,0.0,0.0,0.005739,-1.2392e-05,1.3131e-05,4.3721e-07,1.0694e-07,-0.00084887,2.6686e-07,4.157e-06,1.4895e-06,0.0010377,8.3262e-07,4.7523e-06,529.74,0.0,0.0,0.00071844,-0.00011225,0.00040335
22,-40.0,-20.0,-157.5,-135.0,21.766,1.4709e-06,0.070616,0.22556,0.46415,0.16387,0.0034393,0.062726,438.05,0.83509,0.22698,1.2292e-05,0.0,0.0,-3.6308e-06,0.0,0.0,-0.041743,7.4363e-07,-5.6216e-06,3.0418e-05,0.0,-9.8361e-06,0.0,-2.7992e-06,0.0068103,-2.4877e-05,8.1563e-06,2.2753e-05,-8.9298e-07,-7.0767e-07,1.9438e-07,0.028678,2.7522e-05,-4.1801e-05,1.1052e-05,0.0,0.0,0.0048996,-1.0092e-05,1.2713e-05,2.8125e-07,5.4718e-08,-0.00064056,3.5498e-07,3.0644e-06,1.02e-06,0.00071595,1.1023e-06,3.842e-06,468.55,0.0,0.0,0.00063079,-9.2332e-05,0.00035932
23,-40.0,-20.0,-135.0,-112.5,21.77,1.6726e-06,0.042856,0.27147,0.45209,0.16614,0.0030027,0.04161,236.56,0.37772,0.10212,1.2475e-05,0.0,0.0,-3.5607e-06,0.0,0.0,-0.042596,1.9848e-07,-5.7888e-06,3.0675e-05,0.0,-9.5282e-06,0.0,-2.6679e-06,0.0074527,-2.649e-05,6.5316e-06,2.3188e-05,-1.04e-06,-6.3382e-07,2.9374e-07,0.028667,2.8207e-05,-4.082e-05,1.0823e-05,0.0,0.0,0.0048308,-9.5005e-06,1.3567e-05,2.2198e-07,3.2864e-08,-0.00057721,4.1666e-07,2.6644e-06,8.3771e-07,0.00057811,1.3864e-06,3.6002e-06,479.64,0.0,0.0,0.00064929,-8.9589e-05,0.00036789
24,-40.0,-20.0,-112.5,-90.0,21.815,1.6475e-06,0.046085,0.2657,0.44901,0.17159,0.0040862,0.045897,239.26,0.2882,0.077678,1.1136e-05,0.0,0.0,-3.2011e-06,0.0,0.0,-0.037973,2.0283e-07,-5.2215e-06,2.7476e-05,0.0,-8.6001e-06,0.0,-2.4062e-06,0.006579,-2.3415e-05,6.064e-06,2.0717e-05,-9.1592e-07,-5.771e-07,2.5105e-07,0.025659,2.5078e-05,-3.677e-05,9.752e-06,0.0,0.0,0.0043149,-8.5673e-06,1.2097e-05,2.0613e-07,3.1891e-08,-0.00052556,3.6977e-07,2.4433e-06,7.7101e-07,0.00053258,1.203e-06,3.2601e-06,428.09,0.0,0.0,0.00057577,-7.9869e-05,0.00032926
25,-40.0,-20.0,-90.0,-67.5,21.743,1.6144e-06,0.053004,0.26809,0.45442,0.15274,0.0048945,0.047231,164.56,0.26781,0.072112,1.1246e-05,0.0,0.0,-3.2471e-06,0.0,0.0,-0.038198,3.0173e-07,-5.2871e-06,2.7827e-05,0.0,-8.7551e-06,0.0,-2.4564e-06,0.0065353,-2.3559e-05,6.3824e-06,2.0955e-05,-9.1659e-07,-5.9398e-07,2.4037e-07,0.025906,2.5324e-05,-3.7382e-05,9.9033e-06,0.0,0.0,0.0043548,-8.7353e-06,1.2152e-05,2.1584e-07,3.4898e-08,-0.00053884,3.6656e-07,2.5187e-06,8.0367e-07,0.00055377,1.1868e-06,3.332e-06,429.07,0.0,0.0,0.00057984,-8.1174e-05,0.00033094
26,-40.0,-20.0,-67.5,-45.0,21.872,1.3581e-06,0.069271,0.24498,0.44407,0.16666,0.0061741,0.063665,589.99,1.3368,0.36396,1.2041e-05,0.0,0.0,-3.6202e-06,0.0,0.0,-0.040999,1.1528e-06,-5.5508e-06,3.0056e-05,0.0,-9.9191e-06,0.0,-2.8626e-06,0.006449,-2.4106e-05,9.1132e-06,2.2279e-05,-7.8702e-07,-7.5289e-07,1.3949e-07,0.028481,2.7219e-05,-4.2041e-05,1.1065e-05,0.0,0.0,0.0049134,-1.0447e-05,1.207e-05,3.26e-07,7.3047e-08,-0.00068245,2.9994e-07,3.3272e-06,1.1295e-06,0.00080053,9.3267e-07,3.9436e-06,462.1,0.0,0.0,0.00062823,-9.5068e-05,0.00035355
27,-40.0,-20.0,-45.0,-22.5,22.17,1.0368e-06,0.085436,0.20804,0.42906,0.17108,0.018354,0.10021,1111.0,2.175,0.59279,1.3455e-05,0.0,0.0,-4.135e-06,0.0,0.0,-0.045747,2.5712e-06,-6.0745e-06,3.3819e-05,0.0,-1.167e-05,0.0,-3.7028e-06,0.006517,-2.4614e-05,1.334e-05,2.4562e-05,-5.3895e-07,-1.1113e-06,-1.0572e-07,0.032865,3.0272e-05,-4.9923e-05,1.2777e-05,0.0,0.0,0.0056969,-1.3189e-05,1.1444e-05,6.517e-07,1.8786e-07,-0.0010347,2.1428e-08,5.1493e-06,1.9865e-06,0.0013221,1.9418e-07,5.2293e-06,520.65,0.0,0.0,0.00070075,-0.00011558,0.00039639
28,-40.0,-20.0,-22.5,0.0,22.019,1.1153e-06,0.088276,0.23026,0.42453,0.1698,0.014038,0.082187,1307.5,2.7701,0.75524,1.3835e-05,0.0,0.0,-4.221e-06,0.0,0.0,-0.047269,2.374e-06,-5.9083e-06,3.4317e-05,0.0,-1.1662e-05,0.0,-3.5814e-06,0.0068934,-2.6201e-05,1.2928e-05,2.515e-05,-6.0844e-07,-1.0414e-06,-8.1556e-09,0.03355,3.1278e-05,-4.995e-05,1.2838e-05,0.0,0.0,0.0059146,-1.3048e-05,1.2086e-05,5.5796e-07,1.5333e-07,-0.00096378,1.165e-07,4.7508e-06,1.7507e-06,0.0012302,5.0469e-07,4.9814e-06,536.64,0.0,0.0,0.0007287,-0.00011849,0.00040257
29,-40.0,-20.0,0.0,22.5,21.674,1.3484e-06,0.090227,0.23566,0.44212,0.16641,0.0048766,0.059845,652.39,1.515,0.4126,1.357e-05,0.0,0.0,-4.0469e-06,0.0,0.0,-0.045934,1.2924e-06,-5.8551e-06,3.3538e-05,0.0,-1.1016e-05,0.0,-3.1884e-06,0.0072152,-2.6823e-05,1.0243e-05,2.489e-05,-8.3321e-07,-8.3695e-07,1.6753e-07,0.031839,3.0295e-05,-4.6622e-05,1.2273e-05,0.0,0.0,0.0055267,-1.1586e-05,1.3163e-05,3.6158e-07,8.1176e-08,-0.00075694,3.2854e-07,3.6679e-06,1.2522e-06,0.00089279,1.0417e-06,4.3258e-06,513.25,0.0,0.0,0.00069621,-0.00010572,0.00038984
30,-40.0,-20.0,22.5,45.0,21.683,1.3837e-06,0.080468,0.24504,0.45609,0.16375,0.0049096,0.060144,459.6,1.1228,0.30552,1.2615e-05,0.0,0.0,-3.7599e-06,0.0,0.0,-0.042579,1.0586e-06,-5.712e-06,3.1348e-05,0.0,-1.027e-05,0.0,-2.9477e-06,0.0067651,-2.5111e-05,9.1981e-06,2.3282e-05,-8.2711e-07,-7.6709e-07,1.6792e-07,0.029459,2.8179e-05,-4.3314e-05,1.1455e-05,0.0,0.0,0.005064,-1.0674e-05,1.2565e-05,3.2393e-07,7.0186e-08,-0.00069015,3.281e-07,3.352e-06,1.1306e-06,0.0007973,1.019e-06,4.016e-06,475.43,0.0,0.0,0.00064518,-9.6619e-05,0.00036494
31,-40.0,-20.0,45.0,67.5,21.717,1.4727e-06,0.081955,0.24288,0.45114,0.15813,0.0035327,0.060953,280.9,0.54772,0.14853,1.2938e-05,0.0,0.0,-3.8205e-06,0.0,0.0,-0.043746,7.323e-07,-5.9407e-06,3.2114e-05,0.0,-1.0385e-05,0.0,-2.9537e-06,0.0071389,-2.6153e-05,8.5609e-06,2.3979e-05,-9.4336e-07,-7.4338e-07,2.0811e-07,0.030061,2.8883e-05,-4.4014e-05,1.1654e-05,0.0,0.0,0.0051087,-1.0583e-05,1.3403e-05,2.9529e-07,5.7484e-08,-0.00066983,3.8174e-07,3.2182e-06,1.0714e-06,0.00074554,1.1701e-06,4.0392e-06,489.08,0.0,0.0,0.00065926,-9.5998e-05,0.00037676
32,-40.0,-20.0,67.5,90.0,21.703,1.5092e-06,0.087523,0.22735,0.45049,0.16081,0.0044474,0.062008,331.55,0.66333,0.18009,1.1532e-05,0.0,0.0,-3.3783e-06,0.0,0.0,-0.039084,5.8114e-07,-5.1797e-06,2.8402e-05,0.0,-9.1257e-06,0.0,-2.5803e-06,0.0064807,-2.3442e-05,7.2779e-06,2.1289e-05,-8.5743e-07,-6.4459e-07,1.9719e-07,0.026727,2.5756e-05,-3.8847e-05,1.0274e-05,0.0,0.0,0.0045436,-9.3139e-06,1.2001e-05,2.501e-07,4.6275e-08,-0.00058456,3.4768e-07,2.7752e-06,9.145e-07,0.00063876,1.077e-06,3.535e-06,437.44,0.0,0.0,0.00059033,-8.5384e-05,0.00033514
33,-40.0,-20.0,90.0,112.5,21.767,1.4634e-06,0.085086,0.24162,0.45454,0.15359,0.0053173,0.066992,355.64,0.59033,0.16016,1.1682e-05,0.0,0.0,-3.4605e-06,0.0,0.0,-0.039551,6.7203e-07,-5.3952e-06,2.8988e-05,0.0,-9.4132e-06,0.0,-2.6822e-06,0.0064319,-2.3493e-05,7.7524e-06,2.1631e-05,-8.5318e-07,-6.7835e-07,1.7531e-07,0.027219,2.6032e-05,-3.9949e-05,1.0561e-05,0.0,0.0,0.0046299,-9.5957e-06,1.2147e-05,2.729e-07,5.3622e-08,-0.00061402,3.4266e-07,2.9502e-06,9.8794e-07,0.00068535,1.0326e-06,3.7016e-06,443.34,0.0,0.0,0.00059476,-8.6851e-05,0.00034133
34,-40.0,-20.0,112.5,135.0,21.723,1.5429e-06,0.063298,0.25391,0.45343,0.16279,0.00426,0.05536,300.15,0.49427,0.13394,1.1903e-05,0.0,0.0,-3.4748e-06,0.0,0.0,-0.040391,4.8995e-07,-5.482e-06,2.9452e-05,0.0,-9.3931e-06,0.0,-2.653e-06,0.0067495,-2.4393e-05,7.3153e-06,2.2085e-05,-9.1345e-07,-6.5365e-07,2.2335e-07,0.027557,2.6607e-05,-3.996e-05,1.0585e-05,0.0,0.0,0.0046726,-9.4738e-06,1.2564e-05,2.4808e-07,4.4174e-08,-0.00059223,3.6905e-07,2.7992e-06,9.1418e-07,0.00063645,1.1611e-06,3.6128e-06,452.54,0.0,0.0,0.00060786,-8.691e-05,0.00034788
35,-40.0,-20.0,135.0,157.5,21.708,1.4793e-06,0.072522,0.24577,0.45726,0.16264,0.0028505,0.05332,460.69,0.90539,0.24617,1.2646e-05,0.0,0.0,-3.7156e-06,0.0,0.0,-0.042914,7.3631e-07,-5.6598e-06,3.1237e-05,0.0,-1.0048e-05,0.0,-2.8582e-06,0.0070381,-2.5647e-05,8.327e-06,2.3359e-05,-9.0407e-07,-7.1791e-07,2.187e-07,0.029414,2.827e-05,-4.2635e-05,1.1285e-05,0.0,0.0,0.0050353,-1.0286e-05,1.2967e-05,2.8251e-07,5.4726e-08,-0.0006497,3.6555e-07,3.094e-06,1.0209e-06,0.0007216,1.1627e-06,3.8698e-06,480.6,0.0,0.0,0.00064711,-9.4493e-05,0.00036741
36,-40.0,-20.0,157.5,180.0,21.923,1.2112e-06,0.085245,0.20795,0.46371,0.15785,0.0053419,0.08129,981.48,2.2842,0.62258,1.3919e-05,0.0,0.0,-4.2146e-06,0.0,0.0,-0.047485,1.934e-06,-6.063e-06,3.4546e-05,0.0,-1.1593e-05,0.0,-3.4713e-06,0.0071222,-2.6926e-05,1.1991e-05,2.5511e-05,-7.2995e-07,-9.6558e-07,6.0798e-08,0.033402,3.1419e-05,-4.9445e-05,1.2839e-05,0.0,0.0,0.0058597,-1.268e-05,1.2843e-05,4.6884e-07,1.1883e-07,-0.00088287,2.327e-07,4.3323e-06,1.563e-06,0.001102,7.5096e-07,4.8203e-06,535.85,0.0,0.0,0.0007289,-0.00011535,0.000406
37,-20.0,0.0,-180.0,-162.0,21.656,1.6332e-06,0.054741,0.26713,0.45036,0.16171,0.0027166,0.04563,355.38,0.71613,0.19451,1.6517e-05,0.0,0.0,-4.664e-06,0.0,0.0,-0.056715,9.4699e-09,-7.0784e-06,4.0666e-05,0.0,-1.2632e-05,0.0,-3.5595e-06,0.010144,-3.5227e-05,9.4888e-06,3.066e-05,-1.2582e-06,-8.4625e-07,3.83e-07,0.038349,3.7376e-05,-5.4685e-05,1.4222e-05,0.0,0.0,0.0062168,-1.2082e-05,1.7437e-05,3.0085e-07,4.561e-08,-0.00079551,5.4754e-07,3.5733e-06,1.136e-06,0.00075789,1.8584e-06,4.7623e-06,636.89,0.0,0.0,0.00084947,-0.00011993,0.00048837
38,-20.0,0.0,-162.0,-144.0,21.755,1.6766e-06,0.051787,0.26565,0.44713,0.16232,0.0028407,0.044567,290.36,0.47665,0.12913,1.4977e-05,0.0,0.0,-4.2201e-06,0.0,0.0,-0.051532,-1.5994e-07,-6.5667e-06,3.6916e-05,0.0,-1.1412e-05,0.0,-3.2029e-06,0.0093543,-3.218e-05,8.1413e-06,2.7875e-05,-1.1936e-06,-7.536e-07,3.6139e-07,0.034744,3.395e-05,-4.954e-05,1.2888e-05,0.0,0.0,0.0055863,-1.0825e-05,1.6166e-05,2.624e-07,3.7233e-08,-0.00071051,5.1062e-07,3.1784e-06,1.0001e-06,0.00065831,1.7344e-06,4.3091e-06,581.42,0.0,0.0,0.00077256,-0.00010752,0.00044749
39,-20.0,0.0,-144.0,-126.0,21.782,1.7324e-06,0.049415,0.27705,0.44306,0.15902,0.0020544,0.042551,227.07,0.44547,0.12061,1.5388e-05,0.0,0.0,-4.2826e-06,0.0,0.0,-0.053028,-3.2912e-07,-6.7631e-06,3.7876e-05,0.0,-1.1555e-05,0.0,-3.2473e-06,0.0097851,-3.357e-05,7.8301e-06,2.8712e-05,-1.2641e-06,-7.5126e-07,3.9512e-07,0.035596,3.5087e-05,-5.0504e-05,1.3086e-05,0.0,0.0,0.0056841,-1.0897e-05,1.6801e-05,2.5325e-07,3.2346e-08,-0.00071059,5.3839e-07,3.1419e-06,9.8222e-07,0.0006315,1.8567e-06,4.3717e-06,599.33,0.0,0.0,0.00080043,-0.00010973,0.00046222
40,-20.0,0.0,-126.0,-108.0,21.835,1.692e-06,0.040931,0.27407,0.43808,0.16804,0.0036374,0.043128,241.87,0.41668,0.11275,1.5473e-05,0.0,0.0,-4.3568e-06,0.0,0.0,-0.053317,-1.898e-07,-6.9327e-06,3.8359e-05,0.0,-1.1831e-05,0.0,-3.3224e-06,0.0096792,-3.3603e-05,8.4852e-06,2.8953e-05,-1.248e-06,-7.7825e-07,3.8213e-07,0.036013,3.535e-05,-5.1558e-05,1.3359e-05,0.0,0.0,0.0057495,-1.1208e-05,1.6882e-05,2.6956e-07,3.7651e-08,-0.00073544,5.3541e-07,3.2877e-06,1.0282e-06,0.00066986,1.8255e-06,4.4725e-06,603.84,0.0,0.0,0.00080519,-0.00011166,0.00046681
41,-20.0,0.0,-108.0,-90.0,21.852,1.6733e-06,0.043253,0.26254,0.45227,0.16073,0.0043023,0.046196,270.5,0.37661,0.10182,1.362e-05,0.0,0.0,-3.8571e-06,0.0,0.0,-0.046947,-1.4408e-07,-6.1646e-06,3.374e-05,0.0,-1.047e-05,0.0,-2.9391e-06,0.0084732,-2.9366e-05,7.5262e-06,2.5462e-05,-1.1007e-06,-6.9447e-07,3.2181e-07,0.031754,3.1006e-05,-4.5544e-05,1.1819e-05,0.0,0.0,0.005091,-9.9229e-06,1.4879e-05,2.4368e-07,3.5347e-08,-0.00065585,4.6875e-07,2.9458e-06,9.2453e-07,0.00060751,1.5766e-06,3.9872e-06,532.07,0.0,0.0,0.00070636,-9.8347e-05,0.00041128
42,-20.0,0.0,-90.0,-72.0,21.846,1.5792e-06,0.044853,0.26764,0.44739,0.15471,0.005799,0.051627,377.74,0.60378,0.16383,1.436e-05,0.0,0.0,-4.1333e-06,0.0,0.0,-0.049402,1.8027e-07,-6.5237e-06,3.5788e-05,0.0,-1.1304e-05,0.0,-3.1913e-06,0.0086233,-3.0566e-05,9.0223e-06,2.6846e-05,-1.0869e-06,-7.7444e-07,2.9643e-07,0.033733,3.2742e-05,-4.8946e-05,1.2688e-05,0.0,0.0,0.0054658,-1.0886e-05,1.5344e-05,2.8808e-07,4.8359e-08,-0.00072949,4.7212e-07,3.3317e-06,1.068e-06,0.00071775,1.5497e-06,4.34e-06,559.33,0.0,0.0,0.00074455,-0.00010667,0.00043189
43,-20.0,0.0,-72.0,-54.0,22.153,1.1616e-06,0.079359,0.22013,0.43224,0.16264,0.01135,0.089059,1099.6,2.5646,0.69913,1.5445e-05,0.0,0.0,-4.6723e-06,0.0,0.0,-0.053377,2.0571e-06,-6.6618e-06,3.8813e-05,0.0,-1.3116e-05,0.0,-3.9929e-06,0.0080998,-3.0468e-05,1.4769e-05,2.8489e-05,-7.184e-07,-1.1299e-06,1.8971e-08,0.038032,3.5578e-05,-5.7093e-05,1.4415e-05,0.0,0.0,0.0063843,-1.4033e-05,1.3967e-05,5.7941e-07,1.5206e-07,-0.0010861,2.3418e-07,5.1759e-06,1.8874e-06,0.0012867,7.882e-07,5.5959e-06,610.38,0.0,0.0,0.0008234,-0.00013359,0.00046603
44,-20.0,0.0,-54.0,-36.0,22.808,7.9267e-07,0.089558,0.14046,0.39585,0.15824,0.032186,0.16934,1780.5,4.3484,1.1861,1.6601e-05,0.0,0.0,-4.8653e-06,0.0,0.0,-0.057607,4.827e-06,-6.8392e-06,4.173e-05,0.0,-1.439e-05,0.0,-5.4042e-06,0.0080918,-2.9506e-05,2.0311e-05,2.9925e-05,-1.3813e-07,-1.8201e-06,-5.244e-07,0.042753,3.9172e-05,-6.5549e-05,1.5554e-05,0.0,0.0,0.0070159,-1.7394e-05,1.0809e-05,1.4408e-06,4.5211e-07,-0.001902,-7.6296e-07,8.6983e-06,3.9656e-06,0.0023205,-1.2889e-06,7.5469e-06,676.66,0.0,0.0,0.00092337,-0.00016548,0.00051197
45,-20.0,0.0,-36.0,-18.0,22.888,7.0962e-07,0.10058,0.14465,0.3852,0.15106,0.035646,0.18306,2516.0,6.2126,1.695,1.8147e-05,0.0,0.0,-5.1065e-06,0.0,0.0,-0.06337,6.2639e-06,-6.5655e-06,4.4749e-05,0.0,-1.5148e-05,0.0,-6.1866e-06,0.0087949,-3.1706e-05,2.3159e-05,3.2118e-05,1.2605e-07,-2.1873e-06,-6.9064e-07,0.047288,4.3351e-05,-7.1193e-05,1.6351e-05,0.0,0.0,0.0078075,-1.9043e-05,9.8791e-06,1.9332e-06,6.1723e-07,-0.0023673,-1.4181e-06,1.0383e-05,5.0438e-06,0.0029145,-2.2344e-06,8.2455e-06,750.04,0.0,0.0,0.0010346,-0.00019052,0.00055291
46,-20.0,0.0,-18.0,0.0,22.393,7.9437e-07,0.10713,0.19419,0.39703,0.17658,0.020979,0.12723,2859.1,7.6855,2.0971,1.947e-05,0.0,0.0,-5.5865e-06,0.0,0.0,-0.068196,5.9279e-06,-6.2715e-06,4.7142e-05,0.0,-1.585e-05,0.0,-5.8944e-06,0.0094702,-3.6254e-05,2.3903e-05,3.4347e-05,4.0085e-09,-1.9987e-06,-4.2625e-07,0.049974,4.6462e-05,-7.3344e-05,1.709e-05,0.0,0.0,0.0086265,-1.9547e-05,1.1456e-05,1.5161e-06,4.8189e-07,-0.0020655,-8.9835e-07,9.2941e-06,4.1268e-06,0.0026718,-1.0519e-06,7.8614e-06,793.71,0.0,0.0,0.0011177,-0.00020264,0.00057387
47,-20.0,0.0,0.0,18.0,21.777,1.1828e-06,0.095226,0.24104,0.42821,0.17389,0.0067813,0.066857,1329.6,3.2107,0.87553,1.7995e-05,0.0,0.0,-5.3629e-06,0.0,0.0,-0.061846,2.3148e-06,-6.9571e-06,4.4424e-05,0.0,-1.4797e-05,0.0,-4.4564e-06,0.0094856,-3.5564e-05,1.6666e-05,3.2755e-05,-7.7259e-07,-1.2463e-06,1.0981e-07,0.043651,4.101e-05,-6.4109e-05,1.6259e-05,0.0,0.0,0.0074385,-1.5785e-05,1.5659e-05,6.1311e-07,1.5851e-07,-0.0011848,2.8332e-07,5.5937e-06,1.9932e-06,0.001415,1.0785e-06,6.0198e-06,698.62,0.0,0.0,0.00094865,-0.00015348,0.00052343
48,-20.0,0.0,18.0,36.0,22.05,1.1967e-06,0.095037,0.22126,0.42433,0.14942,0.014837,0.083148,588.3,1.3935,0.37942,1.555e-05,0.0,0.0,-4.7129e-06,0.0,0.0,-0.053119,1.6944e-06,-6.9651e-06,3.9333e-05,0.0,-1.3319e-05,0.0,-3.9909e-06,0.0081684,-3.0342e-05,1.424e-05,2.8809e-05,-8.0963e-07,-1.1131e-06,4.2287e-08,0.037824,3.5216e-05,-5.74e-05,1.4644e-05,0.0,0.0,0.0062113,-1.3844e-05,1.4588e-05,5.5807e-07,1.4218e-07,-0.001061,3.0053e-07,5.0901e-06,1.8207e-06,0.0012151,8.8772e-07,5.6039e-06,602.36,0.0,0.0,0.00080337,-0.00012784,0.00046765
49,-20.0,0.0,36.0,54.0,22.321,1.1149e-06,0.10254,0.18338,0.42725,0.14485,0.015769,0.11485,618.73,1.2828,0.3492,1.669e-05,0.0,0.0,-5.1111e-06,0.0,0.0,-0.057171,2.2011e-06,-7.7596e-06,4.252e-05,0.0,-1.4646e-05,0.0,-4.5308e-06,0.0085637,-3.1702e-05,1.6302e-05,3.097e-05,-8.0323e-07,-1.306e-06,-9.1611e-08,0.041198,3.7888e-05,-6.351e-05,1.6064e-05,0.0,0.0,0.0067207,-1.5561e-05,1.5301e-05,7.1403e-07,1.9183e-07,-0.0012602,2.31e-07,6.0943e-06,2.3051e-06,0.0014739,5.8371e-07,6.5462e-06,654.26,0.0,0.0,0.00086578,-0.00014068,0.00051174
50,-20.0,0.0,54.0,72.0,22.039,1.2603e-06,0.10425,0.2019,0.43668,0.15174,0.0081108,0.092399,627.09,1.3804,0.37584,1.6458e-05,0.0,0.0,-4.9673e-06,0.0,0.0,-0.05648,1.5021e-06,-7.2525e-06,4.1351e-05,0.0,-1.3887e-05,0.0,-4.1137e-06,0.0088553,-3.2528e-05,1.4116e-05,3.0476e-05,-9.383e-07,-1.1128e-06,8.0608e-08,0.039901,3.7285e-05,-6.0021e-05,1.5347e-05,0.0,0.0,0.0065817,-1.4296e-05,1.5907e-05,5.243e-07,1.2588e-07,-0.0010573,3.7452e-07,5.0467e-06,1.8029e-06,0.0012086,1.0787e-06,5.8149e-06,640.15,0.0,0.0,0.00085252,-0.00013365,0.00049491
51,-20.0,0.0,72.0,90.0,21.828,1.4406e-06,0.08987,0.23174,0.44868,0.15436,0.0049446,0.069116,481.21,0.97385,0.26486,1.4277e-05,0.0,0.0,-4.1972e-06,0.0,0.0,-0.048923,6.0088e-07,-6.2416e-06,3.5564e-05,0.0,-1.1554e-05,0.0,-3.3071e-06,0.008164,-2.9316e-05,1.0193e-05,2.6499e-05,-9.6979e-07,-8.3675e-07,2.0987e-07,0.03386,3.2278e-05,-4.9788e-05,1.2886e-05,0.0,0.0,0.0055354,-1.1416e-05,1.4627e-05,3.4101e-07,6.7774e-08,-0.000788,4.2496e-07,3.6754e-06,1.2328e-06,0.00083481,1.3135e-06,4.5618e-06,551.51,0.0,0.0,0.00073364,-0.00010932,0.00042527
52,-20.0,0.0,90.0,108.0,21.813,1.5439e-06,0.07394,0.25167,0.44786,0.15543,0.0039677,0.057147,334.6,0.658,0.17863,1.4394e-05,0.0,0.0,-4.161e-06,0.0,0.0,-0.049385,2.4908e-07,-6.3971e-06,3.5825e-05,0.0,-1.141e-05,0.0,-3.2256e-06,0.0085406,-3.0235e-05,9.2688e-06,2.6825e-05,-1.0562e-06,-7.9022e-07,2.7567e-07,0.033826,3.2631e-05,-4.9258e-05,1.2782e-05,0.0,0.0,0.0054768,-1.1035e-05,1.5196e-05,2.9982e-07,5.2338e-08,-0.00074303,4.6538e-07,3.4152e-06,1.1091e-06,0.00074456,1.4922e-06,4.4035e-06,556.99,0.0,0.0,0.00074108,-0.00010709,0.0004307
53,-20.0,0.0,108.0,126.0,21.791,1.5356e-06,0.070294,0.24637,0.44728,0.16308,0.0040373,0.061497,274.26,0.48155,0.13046,1.4854e-05,0.0,0.0,-4.3059e-06,0.0,0.0,-0.0508,2.6347e-07,-6.6846e-06,3.7066e-05,0.0,-1.183e-05,0.0,-3.3534e-06,0.0087532,-3.1065e-05,9.6118e-06,2.7726e-05,-1.0938e-06,-8.2057e-07,2.7232e-07,0.034844,3.3584e-05,-5.0942e-05,1.3243e-05,0.0,0.0,0.0056242,-1.1403e-05,1.5685e-05,3.1332e-07,5.5145e-08,-0.00076924,4.7955e-07,3.5495e-06,1.1662e-06,0.00077459,1.5192e-06,4.6032e-06,571.59,0.0,0.0,0.00075878,-0.00010972,0.00044389
54,-20.0,0.0,126.0,144.0,21.711,1.6143e-06,0.070272,0.25471,0.4516,0.15874,0.0025928,0.049216,263.19,0.53567,0.14524,1.479e-05,0.0,0.0,-4.2142e-06,0.0,0.0,-0.050635,2.6953e-08,-6.4463e-06,3.6535e-05,0.0,-1.1438e-05,0.0,-3.2233e-06,0.0089905,-3.134e-05,8.611e-06,2.7508e-05,-1.137e-06,-7.7077e-07,3.2372e-07,0.034384,3.3385e-05,-4.9476e-05,1.2871e-05,0.0,0.0,0.0055383,-1.0918e-05,1.5751e-05,2.7814e-07,4.3705e-08,-0.00072441,4.91e-07,3.2783e-06,1.0494e-06,0.00069338,1.6311e-06,4.3636e-06,569.41,0.0,0.0,0.00075735,-0.00010725,0.00043964
55,-20.0,0.0,144.0,162.0,21.701,1.5737e-06,0.057239,0.26172,0.45585,0.17241,0.0024706,0.048007,526.7,0.94357,0.25659,1.61e-05,0.0,0.0,-4.6008e-06,0.0,0.0,-0.055331,1.9908e-07,-6.874e-06,3.9724e-05,0.0,-1.2501e-05,0.0,-3.5309e-06,0.0096924,-3.3878e-05,9.9781e-06,2.9841e-05,-1.1671e-06,-8.5538e-07,3.4421e-07,0.037646,3.6351e-05,-5.3903e-05,1.403e-05,0.0,0.0,0.006147,-1.209e-05,1.6725e-05,3.1568e-07,5.3197e-08,-0.00080395,5.1793e-07,3.6512e-06,1.171e-06,0.00079673,1.7237e-06,4.7291e-06,622.47,0.0,0.0,0.00082651,-0.00011868,0.00047588
56,-20.0,0.0,162.0,180.0,21.672,1.5792e-06,0.052537,0.2732,0.4553,0.17458,0.0019648,0.046349,538.09,1.0127,0.27547,1.6529e-05,0.0,0.0,-4.716e-06,0.0,0.0,-0.056764,2.1504e-07,-7.0523e-06,4.0819e-05,0.0,-1.2809e-05,0.0,-3.6197e-06,0.0099647,-3.4961e-05,1.0164e-05,3.0671e-05,-1.1965e-06,-8.7408e-07,3.5932e-07,0.038601,3.7411e-05,-5.5239e-05,1.4371e-05,0.0,0.0,0.0062985,-1.2366e-05,1.7189e-05,3.2084e-07,5.3466e-08,-0.00082185,5.3213e-07,3.723e-06,1.193e-06,0.00080701,1.7879e-06,4.8445e-06,638.35,0.0,0.0,0.00085067,-0.00012204,0.0004884
57,0.0,20.0,-180.0,-162.0,21.664,1.7355e-06,0.048168,0.27437,0.4481,0.16255,0.002376,0.043233,218.76,0.44935,0.12167,1.6954e-05,0.0,0.0,-4.6343e-06,0.0,0.0,-0.058226,-4.1443e-07,-7.2872e-06,4.127e-05,0.0,-1.2407e-05,0.0,-3.5013e-06,0.011086,-3.6647e-05,8.4246e-06,3.125e-05,-1.309e-06,-8.0375e-07,4.6888e-07,0.038203,3.819e-05,-5.3805e-05,1.4068e-05,0.0,0.0,0.0063491,-1.1709e-05,1.7809e-05,2.6984e-07,3.2633e-08,-0.00073172,5.8018e-07,3.3431e-06,1.039e-06,0.00071492,2.0584e-06,4.6219e-06,650.65,0.0,0.0,0.00086533,-0.0001189,0.00050203
58,0.0,20.0,-162.0,-144.0,21.744,1.7084e-06,0.053209,0.2688,0.44789,0.1629,0.0025223,0.044862,231.3,0.43233,0.11703,1.533e-05,0.0,0.0,-4.22e-06,0.0,0.0,-0.052748,-3.1241e-07,-6.6234e-06,3.7486e-05,0.0,-1.1356e-05,0.0,-3.2034e-06,0.0099469,-3.3057e-05,8.0048e-06,2.8326e-05,-1.1641e-06,-7.4183e-07,4.1181e-07,0.034761,3.4587e-05,-4.9264e-05,1.2849e-05,0.0,0.0,0.0057791,-1.0721e-05,1.61e-05,2.535e-07,3.2741e-08,-0.00067591,5.2275e-07,3.1123e-06,9.6888e-07,0.00067171,1.8343e-06,4.2451e-06,590.51,0.0,0.0,0.00078308,-0.00010845,0.00045665
59,0.0,20.0,-144.0,-126.0,21.76,1.7602e-06,0.041776,0.2767,0.45032,0.16189,0.0029769,0.041629,284.52,0.48848,0.13236,1.62e-05,0.0,0.0,-4.4147e-06,0.0,0.0,-0.0559,-4.7164e-07,-6.9921e-06,3.9411e-05,0.0,-1.1798e-05,0.0,-3.3293e-06,0.010701,-3.5288e-05,7.8588e-06,2.9903e-05,-1.2715e-06,-7.605e-07,4.5496e-07,0.036613,3.6657e-05,-5.1438e-05,1.3404e-05,0.0,0.0,0.0061019,-1.112e-05,1.7165e-05,2.527e-07,2.9241e-08,-0.00069667,5.5976e-07,3.1607e-06,9.7687e-07,0.00067271,1.9986e-06,4.414e-06,627.52,0.0,0.0,0.00083334,-0.00011395,0.00048362
60,0.0,20.0,-126.0,-108.0,21.784,1.6916e-06,0.048728,0.26507,0.4381,0.16005,0.0026112,0.043408,293.99,0.55543,0.15063,1.5922e-05,0.0,0.0,-4.395e-06,0.0,0.0,-0.054923,-2.4648e-07,-6.8397e-06,3.8888e-05,0.0,-1.1808e-05,0.0,-3.3357e-06,0.010293,-3.4259e-05,8.5938e-06,2.9372e-05,-1.1893e-06,-7.7677e-07,4.1769e-07,0.036233,3.5965e-05,-5.1337e-05,1.3363e-05,0.0,0.0,0.0060709,-1.1247e-05,1.6614e-05,2.6756e-07,3.5724e-08,-0.00071008,5.3763e-07,3.2667e-06,1.0207e-06,0.0007188,1.8827e-06,4.4313e-06,616.04,0.0,0.0,0.00081667,-0.00011393,0.00047487
61,0.0,20.0,-108.0,-90.0,21.802,1.607e-06,0.050415,0.27132,0.43928,0.16042,0.0032642,0.046428,393.17,0.87137,0.23688,1.4483e-05,0.0,0.0,-4.0612e-06,0.0,0.0,-0.049936,8.4199e-08,-6.2527e-06,3.5635e-05,0.0,-1.1011e-05,0.0,-3.1186e-06,0.0091198,-3.0938e-05,8.7707e-06,2.6753e-05,-1.0172e-06,-7.4407e-07,3.5305e-07,0.033244,3.2859e-05,-4.7576e-05,1.2395e-05,0.0,0.0,0.0055988,-1.0646e-05,1.4879e-05,2.6981e-07,4.1682e-08,-0.00067931,4.736e-07,3.1718e-06,1.0026e-06,0.0007199,1.6323e-06,4.1294e-06,560.24,0.0,0.0,0.00074683,-0.00010691,0.00043177
62,0.0,20.0,-90.0,-72.0,22.125,1.3516e-06,0.070852,0.2289,0.43316,0.15664,0.0065542,0.066946,815.01,1.8398,0.50126,1.6102e-05,0.0,0.0,-4.7261e-06,0.0,0.0,-0.055947,1.1759e-06,-6.9369e-06,4.004e-05,0.0,-1.3025e-05,0.0,-3.7915e-06,0.0093719,-3.311e-05,1.3132e-05,2.9667e-05,-9.0257e-07,-9.9188e-07,2.2403e-07,0.038346,3.6905e-05,-5.6554e-05,1.4494e-05,0.0,0.0,0.0065944,-1.3382e-05,1.5504e-05,4.3238e-07,9.4267e-08,-0.00091541,4.1495e-07,4.4411e-06,1.4931e-06,0.0011061,1.3707e-06,5.1745e-06,634.94,0.0,0.0,0.00084917,-0.00013146,0.00048734
63,0.0,20.0,-72.0,-54.0,22.872,8.3692e-07,0.099313,0.12331,0.39444,0.1357,0.032412,0.17585,1283.8,3.1656,0.86321,1.6286e-05,0.0,0.0,-4.7816e-06,0.0,0.0,-0.056379,4.1204e-06,-7.0318e-06,4.1088e-05,0.0,-1.4147e-05,0.0,-5.143e-06,0.0083802,-2.8901e-05,1.9535e-05,2.9432e-05,-2.2184e-07,-1.6812e-06,-4.2156e-07,0.041055,3.7736e-05,-6.3831e-05,1.5361e-05,0.0,0.0,0.0067806,-1.6784e-05,1.1148e-05,1.2713e-06,3.8437e-07,-0.0016876,-4.9389e-07,8.0876e-06,3.5923e-06,0.0021614,-8.632e-07,7.2467e-06,656.25,0.0,0.0,0.00088232,-0.0001561,0.00050735
64,0.0,20.0,-54.0,-36.0,23.407,6.4317e-07,0.087878,0.079974,0.36226,0.11976,0.055183,0.22521,2154.8,5.7202,1.5606,1.7265e-05,0.0,0.0,-4.6257e-06,0.0,0.0,-0.060343,6.7191e-06,-6.5624e-06,4.2952e-05,0.0,-1.4323e-05,0.0,-6.401e-06,0.008892,-2.8831e-05,2.3208e-05,3.0399e-05,3.3381e-07,-2.3314e-06,-8.0873e-07,0.0449,4.1545e-05,-6.8805e-05,1.5573e-05,0.0,0.0,0.0072579,-1.8651e-05,8.0288e-06,2.3563e-06,7.3553e-07,-0.0025882,-1.9841e-06,1.1205e-05,5.8307e-06,0.0031779,-3.1657e-06,8.166e-06,721.77,0.0,0.0,0.00099568,-0.00018685,0.00054322
65,0.0,20.0,-36.0,-18.0,22.799,6.7232e-07,0.099329,0.15538,0.36254,0.16193,0.035603,0.17213,3271.4,9.224,2.5172,1.9839e-05,0.0,0.0,-5.3311e-06,0.0,0.0,-0.069917,7.4967e-06,-5.8699e-06,4.7594e-05,0.0,-1.5588e-05,0.0,-6.6057e-06,0.010104,-3.5628e-05,2.6366e-05,3.4383e-05,4.1765e-07,-2.3875e-06,-6.3674e-07,0.051203,4.8067e-05,-7.5219e-05,1.6823e-05,0.0,0.0,0.0087509,-2.0421e-05,8.8724e-06,2.1911e-06,6.9958e-07,-0.0025559,-1.8533e-06,1.1153e-05,5.5066e-06,0.0033798,-2.4609e-06,8.2935e-06,822.97,0.0,0.0,0.0011732,-0.00022053,0.00059346
66,0.0,20.0,-18.0,0.0,22.609,7.1801e-07,0.097133,0.15634,0.39094,0.15856,0.034046,0.1597,2801.2,7.5936,2.0721,2.0105e-05,0.0,0.0,-5.5408e-06,0.0,0.0,-0.070217,6.7548e-06,-6.4497e-06,4.8632e-05,0.0,-1.6144e-05,0.0,-6.48e-06,0.010249,-3.5943e-05,2.5686e-05,3.514e-05,2.2967e-07,-2.2779e-06,-5.7349e-07,0.051219,4.77e-05,-7.5889e-05,1.7412e-05,0.0,0.0,0.0087063,-2.0481e-05,1.0174e-05,1.956e-06,6.1991e-07,-0.0023769,-1.4004e-06,1.0652e-05,5.0541e-06,0.0031156,-1.87e-06,8.4036e-06,818.3,0.0,0.0,0.0011467,-0.00021209,0.00059816
67,0.0,20.0,0.0,18.0,22.436,8.9927e-07,0.099895,0.18115,0.39535,0.15196,0.028844,0.12171,1577.4,4.0601,1.1074,1.8724e-05,0.0,0.0,-5.5014e-06,0.0,0.0,-0.064785,4.2633e-06,-7.3097e-06,4.6477e-05,0.0,-1.5814e-05,0.0,-5.4352e-06,0.0096858,-3.4495e-05,2.1573e-05,3.3606e-05,-3.0333e-07,-1.7317e-06,-2.6229e-07,0.046537,4.3168e-05,-7.0616e-05,1.7157e-05,0.0,0.0,0.0079409,-1.8421e-05,1.3096e-05,1.1855e-06,3.5415e-07,-0.0016963,-3.1213e-07,8.1518e-06,3.3653e-06,0.002214,-2.3586e-07,7.4866e-06,743.51,0.0,0.0,0.0010113,-0.0001768,0.00056333
68,0.0,20.0,18.0,36.0,23.002,7.9102e-07,0.094377,0.10433,0.38582,0.1178,0.058728,0.17071,825.98,1.6835,0.4586,1.6216e-05,0.0,0.0,-4.7318e-06,0.0,0.0,-0.055363,4.2158e-06,-7.482e-06,4.1396e-05,0.0,-1.4387e-05,0.0,-5.4029e-06,0.0082702,-2.7186e-05,1.9717e-05,2.9302e-05,-1.7253e-07,-1.8192e-06,-5.2691e-07,0.040732,3.6783e-05,-6.4592e-05,1.557e-05,0.0,0.0,0.0065175,-1.6975e-05,1.0731e-05,1.5056e-06,4.6058e-07,-0.0018684,-6.8502e-07,8.835e-06,3.9828e-06,0.0022664,-1.2699e-06,7.5938e-06,645.49,0.0,0.0,0.00084705,-0.00015022,0.00050831
69,0.0,20.0,36.0,54.0,22.499,1.0789e-06,0.10633,0.16715,0.4106,0.13841,0.020089,0.11528,655.59,1.3813,0.37609,1.7091e-05,0.0,0.0,-5.1569e-06,0.0,0.0,-0.058928,2.3841e-06,-7.7479e-06,4.3289e-05,0.0,-1.4813e-05,0.0,-4.6525e-06,0.0091266,-3.2154e-05,1.7401e-05,3.1421e-05,-6.7469e-07,-1.3607e-06,-8.7961e-08,0.041848,3.8665e-05,-6.4629e-05,1.6233e-05,0.0,0.0,0.0070151,-1.6008e-05,1.4782e-05,7.7664e-07,2.1049e-07,-0.0012867,1.8192e-07,6.4101e-06,2.4353e-06,0.0016313,5.2514e-07,6.669e-06,673.44,0.0,0.0,0.00088544,-0.00014604,0.00052735
70,0.0,20.0,54.0,72.0,22.131,1.2209e-06,0.094604,0.19858,0.42031,0.14468,0.010686,0.10653,497.18,0.92118,0.25048,1.6641e-05,0.0,0.0,-4.9803e-06,0.0,0.0,-0.057007,1.5398e-06,-7.5144e-06,4.1972e-05,0.0,-1.4066e-05,0.0,-4.2234e-06,0.0091817,-3.2316e-05,1.4899e-05,3.072e-05,-8.4866e-07,-1.1519e-06,6.7667e-08,0.039783,3.7306e-05,-6.062e-05,1.5514e-05,0.0,0.0,0.0066719,-1.4494e-05,1.5514e-05,5.6729e-07,1.3676e-07,-0.0010615,3.6331e-07,5.2836e-06,1.9235e-06,0.0013167,1.0047e-06,5.9693e-06,642.92,0.0,0.0,0.00084385,-0.00013365,0.00050339
71,0.0,20.0,72.0,90.0,22.032,1.3458e-06,0.086645,0.205,0.43761,0.15223,0.008596,0.084626,482.46,1.0381,0.2824,1.4763e-05,0.0,0.0,-4.3458e-06,0.0,0.0,-0.050724,9.2714e-07,-6.5552e-06,3.6905e-05,0.0,-1.2091e-05,0.0,-3.5226e-06,0.0084868,-2.9709e-05,1.1859e-05,2.7271e-05,-8.5284e-07,-9.202e-07,1.7586e-07,0.03487,3.3278e-05,-5.209e-05,1.3428e-05,0.0,0.0,0.0058895,-1.2215e-05,1.4342e-05,4.0639e-07,8.7594e-08,-0.00084432,3.9893e-07,4.1286e-06,1.4182e-06,0.0010069,1.201e-06,4.875e-06,571.36,0.0,0.0,0.00075612,-0.00011611,0.00044461
72,0.0,20.0,90.0,108.0,21.943,1.4511e-06,0.083812,0.23851,0.43802,0.14871,0.0071898,0.070655,398.48,0.83595,0.22722,1.5049e-05,0.0,0.0,-4.3633e-06,0.0,0.0,-0.051735,5.3495e-07,-6.6127e-06,3.7373e-05,0.0,-1.2e-05,0.0,-3.4406e-06,0.0089312,-3.0935e-05,1.0843e-05,2.7804e-05,-9.6734e-07,-8.66e-07,2.5444e-07,0.03514,3.3882e-05,-5.183e-05,1.3407e-05,0.0,0.0,0.0059355,-1.1831e-05,1.5125e-05,3.5275e-07,6.7558e-08,-0.00079197,4.5392e-07,3.8164e-06,1.2656e-06,0.00090964,1.4294e-06,4.7031e-06,580.67,0.0,0.0,0.00076766,-0.00011452,0.00045116
73,0.0,20.0,108.0,126.0,21.777,1.548e-06,0.072651,0.25782,0.43274,0.15611,0.0047022,0.061787,287.21,0.5526,0.14986,1.533e-05,0.0,0.0,-4.3626e-06,0.0,0.0,-0.052476,1.8333e-07,-6.6987e-06,3.788e-05,0.0,-1.1884e-05,0.0,-3.3808e-06,0.0093557,-3.2022e-05,9.8713e-06,2.8324e-05,-1.0493e-06,-8.2013e-07,3.2395e-07,0.035218,3.4398e-05,-5.1237e-05,1.3329e-05,0.0,0.0,0.0059101,-1.1449e-05,1.5647e-05,3.1071e-07,5.1898e-08,-0.0007446,4.9188e-07,3.5387e-06,1.1511e-06,0.00081787,1.6141e-06,4.549e-06,586.14,0.0,0.0,0.00077473,-0.00011223,0.00045493
74,0.0,20.0,126.0,144.0,21.671,1.6598e-06,0.061382,0.2668,0.44027,0.16456,0.0028642,0.046418,276.23,0.55173,0.14962,1.5558e-05,0.0,0.0,-4.3122e-06,0.0,0.0,-0.053336,-1.5037e-07,-6.5947e-06,3.8033e-05,0.0,-1.1616e-05,0.0,-3.2768e-06,0.0098967,-3.3152e-05,8.6872e-06,2.8665e-05,-1.1265e-06,-7.6941e-07,4.0098e-07,0.035295,3.4952e-05,-5.0191e-05,1.3112e-05,0.0,0.0,0.0059001,-1.1056e-05,1.6025e-05,2.6989e-07,3.762e-08,-0.00070011,5.1864e-07,3.2404e-06,1.0177e-06,0.00071826,1.7965e-06,4.3205e-06,594.93,0.0,0.0,0.00078861,-0.00011087,0.00045887
75,0.0,20.0,144.0,162.0,21.652,1.6478e-06,0.068976,0.27532,0.44143,0.17147,0.001313,0.044556,353.64,0.84463,0.22958,1.6592e-05,0.0,0.0,-4.6028e-06,0.0,0.0,-0.056918,-1.0119e-07,-6.9289e-06,4.0432e-05,0.0,-1.236e-05,0.0,-3.4948e-06,0.010537,-3.526e-05,9.3381e-06,3.0457e-05,-1.1809e-06,-8.2216e-07,4.31e-07,0.037651,3.7226e-05,-5.3366e-05,1.3947e-05,0.0,0.0,0.0063269,-1.1835e-05,1.695e-05,2.8925e-07,4.1284e-08,-0.00074658,5.4522e-07,3.4647e-06,1.0872e-06,0.00077593,1.9097e-06,4.5786e-06,634.44,0.0,0.0,0.00084407,-0.00011913,0.00048773
76,0.0,20.0,162.0,180.0,21.566,1.7241e-06,0.053571,0.2809,0.44987,0.17614,0.0022713,0.03922,292.92,0.66665,0.181,1.6572e-05,0.0,0.0,-4.5269e-06,0.0,0.0,-0.056708,-3.6827e-07,-6.9102e-06,4.0161e-05,0.0,-1.2059e-05,0.0,-3.4109e-06,0.010767,-3.5515e-05,8.2998e-06,3.0402e-05,-1.2547e-06,-7.8427e-07,4.6977e-07,0.037199,3.7065e-05,-5.2186e-05,1.3673e-05,0.0,0.0,0.0062074,-1.1408e-05,1.7153e-05,2.6359e-07,3.2659e-08,-0.00071244,5.5655e-07,3.2502e-06,1.0052e-06,0.00069658,2.0019e-06,4.4346e-06,630.95,0.0,0.0,0.00083917,-0.00011569,0.00048538
77,20.0,40.0,-180.0,-157.5,21.601,1.7519e-06,0.054393,0.28526,0.44683,0.16156,0.0022904,0.042211,237.56,0.40563,0.10974,1.4348e-05,0.0,0.0,-3.8954e-06,0.0,0.0,-0.049027,-3.6505e-07,-5.7557e-06,3.3901e-05,0.0,-1.0059e-05,0.0,-2.8375e-06,0.0091607,-2.9489e-05,6.3744e-06,2.5687e-05,-9.8967e-07,-6.4383e-07,4.267e-07,0.031535,3.0921e-05,-4.2737e-05,1.1476e-05,0.0,0.0,0.0057691,-9.6944e-06,1.4217e-05,2.1307e-07,2.5128e-08,-0.00056574,4.7099e-07,2.6547e-06,8.1742e-07,0.00065363,1.6724e-06,3.6688e-06,542.78,0.0,0.0,0.00070529,-9.5112e-05,0.00040911
78,20.0,40.0,-157.5,-135.0,21.646,1.749e-06,0.051574,0.28315,0.44056,0.16795,0.0024137,0.045099,276.1,0.46914,0.12708,1.3496e-05,0.0,0.0,-3.6747e-06,0.0,0.0,-0.046185,-3.2578e-07,-5.4294e-06,3.1916e-05,0.0,-9.4833e-06,0.0,-2.6792e-06,0.0086123,-2.7728e-05,6.0953e-06,2.4155e-05,-9.2455e-07,-6.0832e-07,3.9744e-07,0.029723,2.9099e-05,-4.038e-05,1.0818e-05,0.0,0.0,0.0054573,-9.1433e-06,1.3394e-05,2.0185e-07,2.3912e-08,-0.00053607,4.4191e-07,2.5135e-06,7.7713e-07,0.00062015,1.5672e-06,3.4753e-06,512.17,0.0,0.0,0.00066443,-8.984e-05,0.00038612
79,20.0,40.0,-135.0,-112.5,21.717,1.6893e-06,0.055616,0.27285,0.44971,0.16849,0.002867,0.047415,320.37,0.68211,0.18522,1.4116e-05,0.0,0.0,-3.8917e-06,0.0,0.0,-0.048364,-1.5754e-07,-5.7522e-06,3.3538e-05,0.0,-1.0118e-05,0.0,-2.8551e-06,0.0088609,-2.8866e-05,6.9257e-06,2.5293e-05,-9.2679e-07,-6.6067e-07,3.9386e-07,0.031314,3.0564e-05,-4.2832e-05,1.15e-05,0.0,0.0,0.005784,-9.8708e-06,1.3905e-05,2.2765e-07,3.0749e-08,-0.00058052,4.57e-07,2.7643e-06,8.5976e-07,0.00069771,1.5885e-06,3.725e-06,536.95,0.0,0.0,0.0006996,-9.6285e-05,0.00040544
80,20.0,40.0,-112.5,-90.0,21.79,1.562e-06,0.058602,0.268,0.44327,0.17062,0.003964,0.053759,544.31,1.1836,0.32212,1.267e-05,0.0,0.0,-3.5753e-06,0.0,0.0,-0.0435,2.4593e-07,-5.1335e-06,3.0321e-05,0.0,-9.3888e-06,0.0,-2.6605e-06,0.0076143,-2.5445e-05,7.573e-06,2.2717e-05,-7.4738e-07,-6.4111e-07,3.0835e-07,0.028577,2.7523e-05,-3.9749e-05,1.0601e-05,0.0,0.0,0.0053291,-9.395e-06,1.2135e-05,2.3874e-07,3.9838e-08,-0.00056253,3.8348e-07,2.7413e-06,8.7179e-07,0.00072744,1.2976e-06,3.4882e-06,484.04,0.0,0.0,0.00063212,-9.0646e-05,0.00036428
81,20.0,40.0,-90.0,-67.5,22.496,1.034e-06,0.090016,0.18917,0.41124,0.15088,0.01629,0.11815,1367.2,3.3805,0.92189,1.3858e-05,0.0,0.0,-4.1246e-06,0.0,0.0,-0.048204,2.4038e-06,-5.4632e-06,3.3851e-05,0.0,-1.1402e-05,0.0,-3.6532e-06,0.007176,-2.5373e-05,1.4025e-05,2.4629e-05,-3.0754e-07,-1.0784e-06,-2.4495e-08,0.033569,3.0844e-05,-4.9415e-05,1.2506e-05,0.0,0.0,0.0063221,-1.3016e-05,1.0541e-05,6.3507e-07,1.7874e-07,-0.00097921,4.0328e-08,5.0491e-06,1.9533e-06,0.0014918,3.1957e-07,5.0751e-06,549.31,0.0,0.0,0.00072802,-0.00012123,0.00041087
82,20.0,40.0,-67.5,-45.0,23.242,6.857e-07,0.086372,0.08316,0.37292,0.12337,0.050438,0.22609,2048.3,5.2519,1.4328,1.4374e-05,0.0,0.0,-3.9483e-06,0.0,0.0,-0.050056,4.9997e-06,-5.29e-06,3.5065e-05,0.0,-1.1734e-05,0.0,-4.9591e-06,0.007152,-2.3258e-05,1.7956e-05,2.4892e-05,2.6944e-07,-1.739e-06,-5.2147e-07,0.036366,3.2906e-05,-5.4457e-05,1.2734e-05,0.0,0.0,0.0064479,-1.5169e-05,6.8995e-06,1.6464e-06,5.21e-07,-0.0017825,-1.2472e-06,8.3778e-06,4.2058e-06,0.0025233,-2.0047e-06,6.5256e-06,589.07,0.0,0.0,0.00079298,-0.00014481,0.00043603
83,20.0,40.0,-45.0,-22.5,23.381,6.8972e-07,0.086401,0.080251,0.36389,0.12747,0.046885,0.22069,2034.4,5.533,1.5095,1.5119e-05,0.0,0.0,-4.1592e-06,0.0,0.0,-0.052934,5.3186e-06,-5.5983e-06,3.6979e-05,0.0,-1.2369e-05,0.0,-5.2093e-06,0.0075416,-2.4825e-05,1.9195e-05,2.6265e-05,2.9189e-07,-1.8225e-06,-5.3852e-07,0.03847,3.5001e-05,-5.7663e-05,1.3431e-05,0.0,0.0,0.0068419,-1.6088e-05,7.2896e-06,1.7138e-06,5.422e-07,-0.0018733,-1.3115e-06,8.8078e-06,4.4056e-06,0.0026722,-2.0992e-06,6.865e-06,625.84,0.0,0.0,0.00084895,-0.00015525,0.00046416
84,20.0,40.0,-22.5,0.0,22.973,7.2901e-07,0.096841,0.11808,0.38158,0.13859,0.036607,0.19803,2170.9,5.8278,1.59,1.6025e-05,0.0,0.0,-4.4781e-06,0.0,0.0,-0.055872,5.1583e-06,-5.6194e-06,3.8794e-05,0.0,-1.2981e-05,0.0,-5.2002e-06,0.007967,-2.6902e-05,1.9582e-05,2.7765e-05,2.2051e-07,-1.7822e-06,-4.495e-07,0.040235,3.6604e-05,-5.9601e-05,1.406e-05,0.0,0.0,0.0072824,-1.655e-05,8.2103e-06,1.5503e-06,4.8924e-07,-0.0017728,-1.0546e-06,8.5095e-06,4.0865e-06,0.0026021,-1.5966e-06,6.8997e-06,651.0,0.0,0.0,0.000884,-0.00015997,0.00047853
85,20.0,40.0,0.0,22.5,22.537,8.6569e-07,0.10914,0.14066,0.40549,0.14754,0.021764,0.16227,1810.7,4.4987,1.2271,1.627e-05,0.0,0.0,-4.735e-06,0.0,0.0,-0.056371,3.9213e-06,-5.8964e-06,3.934e-05,0.0,-1.3298e-05,0.0,-4.7077e-06,0.0081267,-2.8209e-05,1.8137e-05,2.8431e-05,-7.17e-08,-1.4979e-06,-2.379e-07,0.039895,3.6202e-05,-5.8868e-05,1.4459e-05,0.0,0.0,0.0073961,-1.6004e-05,1.027e-05,1.0668e-06,3.2449e-07,-0.0014011,-3.78e-07,7.0752e-06,3.0731e-06,0.002142,-4.8249e-07,6.4653e-06,644.94,0.0,0.0,0.00086126,-0.00014999,0.00047637
86,20.0,40.0,22.5,45.0,22.271,1.0993e-06,0.10211,0.18649,0.42424,0.14704,0.015302,0.11574,963.23,2.1228,0.57854,1.4324e-05,0.0,0.0,-4.2756e-06,0.0,0.0,-0.049254,1.9943e-06,-5.8251e-06,3.5104e-05,0.0,-1.1813e-05,0.0,-3.6734e-06,0.0074603,-2.6058e-05,1.3528e-05,2.5563e-05,-4.2933e-07,-1.0502e-06,2.5807e-08,0.034107,3.1238e-05,-5.0412e-05,1.2987e-05,0.0,0.0,0.0063525,-1.2998e-05,1.1547e-05,5.7984e-07,1.554e-07,-0.00093668,1.5523e-07,4.8747e-06,1.8348e-06,0.0013988,5.2916e-07,5.0987e-06,555.14,0.0,0.0,0.00072363,-0.0001176,0.00041971
87,20.0,40.0,45.0,67.5,21.799,1.3648e-06,0.10415,0.23402,0.42726,0.15569,0.0067603,0.080218,617.04,1.4196,0.38655,1.4527e-05,0.0,0.0,-4.2195e-06,0.0,0.0,-0.049564,8.8475e-07,-5.736e-06,3.502e-05,0.0,-1.1274e-05,0.0,-3.2736e-06,0.0081281,-2.7851e-05,1.0632e-05,2.5908e-05,-6.8167e-07,-8.385e-07,2.4198e-07,0.033235,3.1249e-05,-4.7491e-05,1.2568e-05,0.0,0.0,0.0062377,-1.1595e-05,1.3045e-05,3.61e-07,7.6479e-08,-0.00073161,3.7556e-07,3.7051e-06,1.2597e-06,0.0010283,1.1805e-06,4.375e-06,549.14,0.0,0.0,0.00071561,-0.00010806,0.00041366
88,20.0,40.0,67.5,90.0,21.777,1.4866e-06,0.088732,0.24177,0.44492,0.15119,0.0057047,0.066961,386.84,0.9916,0.26971,1.2678e-05,0.0,0.0,-3.6203e-06,0.0,0.0,-0.043273,3.9211e-07,-5.1311e-06,3.0488e-05,0.0,-9.6058e-06,0.0,-2.7447e-06,0.0073805,-2.4923e-05,8.169e-06,2.2737e-05,-7.0757e-07,-6.7538e-07,2.6722e-07,0.028684,2.7342e-05,-4.0538e-05,1.0791e-05,0.0,0.0,0.0053406,-9.6564e-06,1.1943e-05,2.6565e-07,4.8726e-08,-0.0005907,3.7273e-07,2.9242e-06,9.5959e-07,0.00078573,1.1988e-06,3.6465e-06,479.26,0.0,0.0,0.00062461,-9.1125e-05,0.00036324
89,20.0,40.0,90.0,112.5,21.776,1.4667e-06,0.075074,0.25161,0.43777,0.16569,0.0051142,0.071374,380.11,0.78636,0.21368,1.2934e-05,0.0,0.0,-3.7168e-06,0.0,0.0,-0.044064,4.3874e-07,-5.3861e-06,3.1348e-05,0.0,-9.9267e-06,0.0,-2.8415e-06,0.007474,-2.5314e-05,8.5738e-06,2.3287e-05,-7.1988e-07,-7.0137e-07,2.6472e-07,0.029298,2.7874e-05,-4.17e-05,1.1128e-05,0.0,0.0,0.0054121,-9.95e-06,1.2217e-05,2.8019e-07,5.2494e-08,-0.0006095,3.7724e-07,3.0517e-06,1.0102e-06,0.00081812,1.1975e-06,3.7747e-06,488.1,0.0,0.0,0.00063315,-9.2572e-05,0.00037123
90,20.0,40.0,112.5,135.0,21.679,1.6146e-06,0.06096,0.2611,0.44894,0.16882,0.0033026,0.054639,367.94,0.68769,0.18674,1.3031e-05,0.0,0.0,-3.6348e-06,0.0,0.0,-0.044573,1.7427e-08,-5.2471e-06,3.1092e-05,0.0,-9.5261e-06,0.0,-2.695e-06,0.0079551,-2.614e-05,7.125e-06,2.3356e-05,-8.0874e-07,-6.3621e-07,3.3303e-07,0.029109,2.8038e-05,-4.0248e-05,1.0777e-05,0.0,0.0,0.0053783,-9.3493e-06,1.261e-05,2.2905e-07,3.4732e-08,-0.00055729,4.0993e-07,2.6895e-06,8.5477e-07,0.0006979,1.381e-06,3.5324e-06,493.3,0.0,0.0,0.00063851,-8.9707e-05,0.00037218
91,20.0,40.0,135.0,157.5,21.761,1.5706e-06,0.071649,0.25155,0.44221,0.17424,0.0037978,0.05935,367.71,0.76525,0.20791,1.3984e-05,0.0,0.0,-3.942e-06,0.0,0.0,-0.047809,1.5959e-07,-5.7008e-06,3.3533e-05,0.0,-1.04e-05,0.0,-2.9431e-06,0.0084167,-2.7898e-05,8.1235e-06,2.5102e-05,-8.3977e-07,-7.0563e-07,3.3378e-07,0.031401,3.0185e-05,-4.3844e-05,1.1736e-05,0.0,0.0,0.0058011,-1.0312e-05,1.3468e-05,2.6238e-07,4.2915e-08,-0.00061796,4.3405e-07,3.0178e-06,9.6713e-07,0.00078929,1.4273e-06,3.8922e-06,530.27,0.0,0.0,0.00068822,-9.7899e-05,0.00040166
92,20.0,40.0,157.5,180.0,21.622,1.6759e-06,0.066321,0.28344,0.43023,0.17396,0.0031774,0.048474,260.03,0.66894,0.18162,1.4297e-05,0.0,0.0,-3.9414e-06,0.0,0.0,-0.048786,-1.237e-07,-5.7124e-06,3.397e-05,0.0,-1.0258e-05,0.0,-2.8989e-06,0.0088989,-2.9077e-05,7.1621e-06,2.5576e-05,-9.2494e-07,-6.7012e-07,3.9668e-07,0.031624,3.0838e-05,-4.3394e-05,1.1642e-05,0.0,0.0,0.0058228,-1.0001e-05,1.3962e-05,2.3221e-07,3.1824e-08,-0.00058717,4.5826e-07,2.8023e-06,8.7756e-07,0.00070926,1.5932e-06,3.7613e-06,538.94,0.0,0.0,0.00070361,-9.7149e-05,0.00040693
93,40.0,60.0,-180.0,-150.0,21.684,1.6889e-06,0.048202,0.27095,0.44607,0.15889,0.0029331,0.0435,231.93,0.41498,0.11229,1.1324e-05,0.0,0.0,-3.0893e-06,0.0,0.0,-0.038494,-3.5984e-07,-4.049e-06,2.6554e-05,0.0,-8.0361e-06,0.0,-2.2482e-06,0.0070873,-2.2681e-05,5.5478e-06,2.0087e-05,-6.5205e-07,-5.2782e-07,3.1044e-07,0.025445,2.4337e-05,-3.4123e-05,9.0787e-06,0.0,0.0,0.0043668,-7.6273e-06,1.0853e-05,1.7816e-07,2.4132e-08,-0.00048487,3.3636e-07,2.1865e-06,6.7646e-07,0.0005142,1.2168e-06,2.9493e-06,428.07,0.0,0.0,0.00054929,-7.7265e-05,0.00032253
94,40.0,60.0,-150.0,-120.0,21.712,1.697e-06,0.048207,0.28572,0.44465,0.16681,0.0018027,0.042137,325.08,0.4992,0.13528,1.1255e-05,0.0,0.0,-3.0696e-06,0.0,0.0,-0.038314,-3.5772e-07,-4.0196e-06,2.6382e-05,0.0,-7.9656e-06,0.0,-2.2286e-06,0.0070592,-2.2604e-05,5.5328e-06,1.9963e-05,-6.4498e-07,-5.2247e-07,3.1235e-07,0.025309,2.4222e-05,-3.392e-05,9.0018e-06,0.0,0.0,0.0043518,-7.5596e-06,1.0787e-05,1.7529e-07,2.3545e-08,-0.00047956,3.3235e-07,2.1644e-06,6.6693e-07,0.00050978,1.2162e-06,2.9171e-06,426.63,0.0,0.0,0.00054678,-7.6895e-05,0.00032101
95,40.0,60.0,-120.0,-90.0,21.739,1.567e-06,0.061842,0.27745,0.4369,0.16706,0.0023835,0.046202,545.06,1.1784,0.32071,1.0514e-05,0.0,0.0,-2.9269e-06,0.0,0.0,-0.035815,-5.5036e-09,-3.6502e-06,2.475e-05,0.0,-7.6551e-06,0.0,-2.1535e-06,0.0062885,-2.0768e-05,6.2377e-06,1.8611e-05,-5.1402e-07,-5.2523e-07,2.6021e-07,0.02397,2.2709e-05,-3.2501e-05,8.5859e-06,0.0,0.0,0.0041959,-7.4737e-06,9.6714e-06,1.9014e-07,3.1758e-08,-0.00048157,2.8508e-07,2.2178e-06,6.9828e-07,0.00055754,1.0351e-06,2.813e-06,398.85,0.0,0.0,0.00051534,-7.5486e-05,0.00029842
96,40.0,60.0,-90.0,-60.0,22.202,1.0885e-06,0.091042,0.21208,0.41721,0.15351,0.011356,0.094879,1430.8,3.5146,0.95848,1.1232e-05,0.0,0.0,-3.2791e-06,0.0,0.0,-0.038646,1.4949e-06,-3.6264e-06,2.6822e-05,0.0,-8.9137e-06,0.0,-2.7704e-06,0.005728,-2.0565e-05,1.0862e-05,1.9746e-05,-1.7299e-07,-8.1207e-07,4.5785e-08,0.02726,2.4766e-05,-3.8738e-05,9.7281e-06,0.0,0.0,0.0049012,-9.7722e-06,8.2865e-06,4.3631e-07,1.2006e-07,-0.00076382,4.7578e-08,3.7058e-06,1.3728e-06,0.0010672,3.8285e-07,3.7957e-06,437.04,0.0,0.0,0.00057315,-9.604e-05,0.00032345
97,40.0,60.0,-60.0,-30.0,22.599,8.2356e-07,0.095878,0.16721,0.38827,0.14862,0.021216,0.13669,2563.7,6.6115,1.8039,1.2325e-05,0.0,0.0,-3.4708e-06,0.0,0.0,-0.042992,3.0806e-06,-3.3026e-06,2.897e-05,0.0,-9.635e-06,0.0,-3.4915e-06,0.0059293,-2.1574e-05,1.4355e-05,2.1201e-05,1.7899e-07,-1.1672e-06,-1.6879e-07,0.031121,2.7985e-05,-4.4095e-05,1.0366e-05,0.0,0.0,0.00561,-1.1679e-05,6.6186e-06,8.4834e-07,2.6818e-07,-0.0011634,-4.9158e-07,5.4458e-06,2.3586e-06,0.00169,-5.5511e-07,4.7286e-06,496.3,0.0,0.0,0.0006672,-0.00012048,0.00035702
98,40.0,60.0,-30.0,0.0,22.585,8.3108e-07,0.11,0.15998,0.38466,0.14628,0.021538,0.15059,2223.3,5.6143,1.5317,1.2936e-05,0.0,0.0,-3.6653e-06,0.0,0.0,-0.044804,3.0872e-06,-3.702e-06,3.0647e-05,0.0,-1.0256e-05,0.0,-3.7024e-06,0.0061932,-2.2287e-05,1.4951e-05,2.2343e-05,1.5083e-07,-1.2269e-06,-1.932e-07,0.032485,2.9071e-05,-4.6608e-05,1.1038e-05,0.0,0.0,0.0057839,-1.2273e-05,7.1754e-06,8.8949e-07,2.7895e-07,-0.0012156,-4.7556e-07,5.7497e-06,2.504e-06,0.0017455,-5.9254e-07,5.0649e-06,515.52,0.0,0.0,0.00068581,-0.00012318,0.00037544
99,40.0,60.0,0.0,30.0,22.189,9.6785e-07,0.10275,0.19853,0.40758,0.15002,0.013502,0.1157,1785.3,4.4447,1.2124,1.298e-05,0.0,0.0,-3.7569e-06,0.0,0.0,-0.04459,2.3096e-06,-3.8869e-06,3.0797e-05,0.0,-1.0281e-05,0.0,-3.3836e-06,0.0063799,-2.3087e-05,1.3602e-05,2.2589e-05,-5.0126e-08,-1.0436e-06,-3.9537e-08,0.031788,2.8661e-05,-4.5284e-05,1.1137e-05,0.0,0.0,0.0057171,-1.1683e-05,8.4996e-06,6.3375e-07,1.8684e-07,-0.00099308,-1.2774e-07,4.7986e-06,1.9091e-06,0.0014271,7.1568e-08,4.6174e-06,504.67,0.0,0.0,0.00066695,-0.00011543,0.00036973
100,40.0,60.0,30.0,60.0,21.973,1.2129e-06,0.098556,0.23289,0.42391,0.14962,0.0072046,0.086004,1085.0,2.3945,0.6527,1.1857e-05,0.0,0.0,-3.4504e-06,0.0,0.0,-0.040497,1.0319e-06,-3.9423e-06,2.8267e-05,0.0,-9.2857e-06,0.0,-2.7712e-06,0.0062491,-2.1945e-05,1.0163e-05,2.0898e-05,-3.099e-07,-7.6637e-07,1.1844e-07,0.028174,2.5702e-05,-3.9756e-05,1.0199e-05,0.0,0.0,0.0050392,-9.7297e-06,9.5079e-06,3.6548e-07,9.1087e-08,-0.00070823,1.7226e-07,3.4334e-06,1.219e-06,0.00096004,6.615e-07,3.7779e-06,453.45,0.0,0.0,0.00058657,-9.4734e-05,0.00033742
101,40.0,60.0,60.0,90.0,21.749,1.4273e-06,0.071509,0.26087,0.43353,0.15645,0.0052273,0.059942,632.06,1.2019,0.32712,1.0673e-05,0.0,0.0,-3.0385e-06,0.0,0.0,-0.036224,2.8742e-07,-3.7185e-06,2.5385e-05,0.0,-8.0657e-06,0.0,-2.3048e-06,0.0060374,-2.0466e-05,7.4123e-06,1.8925e-05,-4.4335e-07,-5.8633e-07,2.1219e-07,0.024648,2.2928e-05,-3.4136e-05,8.96e-06,0.0,0.0,0.0043279,-7.983e-06,9.4567e-06,2.3449e-07,4.7129e-08,-0.00053607,2.5655e-07,2.534e-06,8.3242e-07,0.00066069,9.0485e-07,3.0526e-06,402.97,0.0,0.0,0.00051671,-7.8402e-05,0.0003021
102,40.0,60.0,90.0,120.0,21.613,1.6053e-06,0.068019,0.27452,0.43805,0.15893,0.0032578,0.044401,463.43,0.87893,0.23895,1.0452e-05,0.0,0.0,-2.879e-06,0.0,0.0,-0.035482,-1.4476e-07,-3.5057e-06,2.4436e-05,0.0,-7.489e-06,0.0,-2.1042e-06,0.0063383,-2.0518e-05,5.7706e-06,1.8413e-05,-5.2974e-07,-5.0622e-07,2.727e-07,0.023615,2.2307e-05,-3.1751e-05,8.4165e-06,0.0,0.0,0.0041139,-7.2126e-06,9.6201e-06,1.7866e-07,2.781e-08,-0.00046469,2.9016e-07,2.1148e-06,6.6157e-07,0.00052231,1.0556e-06,2.7239e-06,392.84,0.0,0.0,0.00050294,-7.268e-05,0.00029333
103,40.0,60.0,120.0,150.0,21.664,1.597e-06,0.059642,0.26727,0.43923,0.17004,0.0024296,0.047182,381.81,0.6798,0.18458,1.0926e-05,0.0,0.0,-3.0255e-06,0.0,0.0,-0.03707,-1.4979e-07,-3.8071e-06,2.5722e-05,0.0,-7.9196e-06,0.0,-2.223e-06,0.0065872,-2.1445e-05,6.1474e-06,1.9353e-05,-5.5783e-07,-5.3576e-07,2.7695e-07,0.024746,2.3368e-05,-3.3493e-05,8.8881e-06,0.0,0.0,0.0042855,-7.607e-06,1.0137e-05,1.904e-07,3.0249e-08,-0.00048983,3.0573e-07,2.2485e-06,7.0731e-07,0.00055314,1.0927e-06,2.9049e-06,410.98,0.0,0.0,0.00052543,-7.5937e-05,0.00030877
104,40.0,60.0,150.0,180.0,21.687,1.6131e-06,0.053347,0.27821,0.43551,0.16999,0.0024427,0.047451,339.45,0.52048,0.14109,1.1456e-05,0.0,0.0,-3.1688e-06,0.0,0.0,-0.038893,-1.931e-07,-4.0652e-06,2.7042e-05,0.0,-8.3082e-06,0.0,-2.3305e-06,0.0069541,-2.2623e-05,6.3328e-06,2.0347e-05,-6.0495e-07,-5.5826e-07,2.9255e-07,0.02594,2.4565e-05,-3.5194e-05,9.3328e-06,0.0,0.0,0.0044709,-7.9463e-06,1.0765e-05,1.9691e-07,3.0426e-08,-0.00051087,3.2742e-07,2.3423e-06,7.3627e-07,0.00057022,1.1633e-06,3.0595e-06,431.8,0.0,0.0,0.000552,-7.9311e-05,0.00032523
105,60.0,80.0,-180.0,-135.0,21.733,1.591e-06,0.055936,0.26351,0.44684,0.15676,0.0029182,0.044922,210.94,0.39458,0.10672,7.9191e-06,0.0,0.0,-2.1669e-06,0.0,0.0,-0.02663,1.4916e-07,-2.6453e-06,1.8592e-05,0.0,-5.6895e-06,0.0,-1.5912e-06,0.0046745,-1.5661e-05,5.2322e-06,1.4068e-05,-3.8581e-07,-3.9472e-07,1.8979e-07,0.018053,1.7166e-05,-2.4725e-05,6.3931e-06,0.0,0.0,0.003004,-5.7945e-06,7.0747e-06,1.3974e-07,2.1946e-08,-0.00037297,2.2255e-07,1.6508e-06,5.136e-07,0.00038333,7.5051e-07,2.0476e-06,294.97,0.0,0.0,0.00038915,-5.78e-05,0.00022538
106,60.0,80.0,-135.0,-90.0,21.796,1.5313e-06,0.056111,0.26431,0.43822,0.15659,0.0028768,0.049719,435.44,0.82008,0.22288,7.6205e-06,0.0,0.0,-2.1026e-06,0.0,0.0,-0.025741,2.6184e-07,-2.4982e-06,1.7924e-05,0.0,-5.5428e-06,0.0,-1.5591e-06,0.0044201,-1.4982e-05,5.4088e-06,1.3525e-05,-3.3861e-07,-3.9358e-07,1.6801e-07,0.017553,1.6588e-05,-2.4127e-05,6.2065e-06,0.0,0.0,0.0029515,-5.7237e-06,6.6632e-06,1.4482e-07,2.4855e-08,-0.00037357,2.0326e-07,1.6634e-06,5.2673e-07,0.00039947,6.8144e-07,2.0178e-06,286.04,0.0,0.0,0.00037752,-5.7163e-05,0.00021723
107,60.0,80.0,-90.0,-45.0,21.755,1.3711e-06,0.076793,0.2613,0.43226,0.15524,0.0040055,0.0532,1009.0,2.0797,0.56676,7.6384e-06,0.0,0.0,-2.1395e-06,0.0,0.0,-0.025858,5.9962e-07,-2.2316e-06,1.7852e-05,0.0,-5.6406e-06,0.0,-1.6157e-06,0.0042104,-1.4633e-05,6.2768e-06,1.3409e-05,-2.4606e-07,-4.3255e-07,1.3649e-07,0.017878,1.6623e-05,-2.4639e-05,6.2624e-06,0.0,0.0,0.0030694,-6.0471e-06,6.1362e-06,1.7691e-07,3.7179e-08,-0.00041372,1.5778e-07,1.8608e-06,6.0763e-07,0.00047857,5.6498e-07,2.0758e-06,287.36,0.0,0.0,0.00038134,-6.0597e-05,0.00021439
108,60.0,80.0,-45.0,0.0,21.827,1.1746e-06,0.086522,0.25742,0.42814,0.16792,0.0049497,0.06338,1805.1,4.0166,1.0955,8.6465e-06,0.0,0.0,-2.4455e-06,0.0,0.0,-0.029481,1.2123e-06,-2.219e-06,2.0092e-05,0.0,-6.4805e-06,0.0,-1.9405e-06,0.0044923,-1.6174e-05,8.3493e-06,1.5021e-05,-1.3372e-07,-5.6159e-07,9.1422e-08,0.020743,1.9e-05,-2.8663e-05,7.1108e-06,0.0,0.0,0.003643,-7.3179e-06,6.091e-06,2.6872e-07,6.8575e-08,-0.00054507,8.13e-08,2.4699e-06,8.6098e-07,0.00068415,4.2111e-07,2.5079e-06,329.26,0.0,0.0,0.00044231,-7.4254e-05,0.00024099
109,60.0,80.0,0.0,45.0,21.734,1.2493e-06,0.073956,0.26873,0.44212,0.16559,0.0045371,0.056735,1463.2,3.0278,0.8256,8.5582e-06,0.0,0.0,-2.4148e-06,0.0,0.0,-0.029025,9.6945e-07,-2.3776e-06,1.999e-05,0.0,-6.4095e-06,0.0,-1.8775e-06,0.0045353,-1.6093e-05,7.7796e-06,1.4958e-05,-1.9546e-07,-5.2683e-07,1.1817e-07,0.020288,1.866e-05,-2.8041e-05,7.061e-06,0.0,0.0,0.0035223,-7.0548e-06,6.3899e-06,2.3655e-07,5.6367e-08,-0.00050562,1.2673e-07,2.2939e-06,7.7532e-07,0.00061446,5.1135e-07,2.4123e-06,322.92,0.0,0.0,0.00043026,-7.0594e-05,0.00023846
110,60.0,80.0,45.0,90.0,21.661,1.5003e-06,0.062655,0.28535,0.43276,0.15303,0.0032823,0.044175,577.81,1.0901,0.29659,7.6093e-06,0.0,0.0,-2.099e-06,0.0,0.0,-0.025616,3.1935e-07,-2.3703e-06,1.7807e-05,0.0,-5.5099e-06,0.0,-1.5528e-06,0.0043528,-1.4808e-05,5.5364e-06,1.3428e-05,-3.1265e-07,-3.9613e-07,1.6834e-07,0.017489,1.6442e-05,-2.3951e-05,6.1567e-06,0.0,0.0,0.0029611,-5.7078e-06,6.471e-06,1.4782e-07,2.6509e-08,-0.0003757,1.936e-07,1.6707e-06,5.28e-07,0.00040717,6.6369e-07,1.9783e-06,283.36,0.0,0.0,0.0003738,-5.7109e-05,0.00021364
111,60.0,80.0,90.0,135.0,21.681,1.5428e-06,0.052287,0.27233,0.44166,0.16028,0.0028837,0.041798,467.97,0.96678,0.26293,7.2823e-06,0.0,0.0,-1.9972e-06,0.0,0.0,-0.024526,2.4434e-07,-2.3108e-06,1.7037e-05,0.0,-5.2328e-06,0.0,-1.4701e-06,0.0042353,-1.4316e-05,5.0839e-06,1.2878e-05,-3.2015e-07,-3.6988e-07,1.6992e-07,0.016677,1.5793e-05,-2.275e-05,5.8633e-06,0.0,0.0,0.002809,-5.4e-06,6.2959e-06,1.3416e-07,2.272e-08,-0.00035077,1.919e-07,1.5501e-06,4.8533e-07,0.00037149,6.6389e-07,1.8721e-06,271.5,0.0,0.0,0.00035916,-5.4284e-05,0.00020544
112,60.0,80.0,135.0,180.0,21.711,1.5821e-06,0.049747,0.2699,0.44662,0.16352,0.0025016,0.044326,256.05,0.4512,0.12218,7.9129e-06,0.0,0.0,-2.1656e-06,0.0,0.0,-0.026594,1.5469e-07,-2.6325e-06,1.8605e-05,0.0,-5.6968e-06,0.0,-1.5947e-06,0.0046501,-1.558e-05,5.3022e-06,1.4064e-05,-3.7699e-07,-3.9559e-07,1.9001e-07,0.018048,1.711e-05,-2.4708e-05,6.3929e-06,0.0,0.0,0.0030013,-5.7934e-06,7.0234e-06,1.4059e-07,2.234e-08,-0.0003737,2.2018e-07,1.6538e-06,5.1611e-07,0.00038543,7.4288e-07,2.0427e-06,294.38,0.0,0.0,0.00038715,-5.762e-05,0.0002248
113,80.0,90.0,-180.0,180.0,21.719,1.4639e-06,0.065698,0.26777,0.43846,0.15711,0.0027167,0.049327,729.96,1.26,0.34297,2.0293e-06,0.0,0.0,-5.6113e-07,0.0,0.0,-0.0070041,7.9798e-08,-4.2224e-07,4.646e-06,0.0,-1.4549e-06,0.0,-4.1603e-07,0.0012462,-3.881e-06,1.3894e-06,3.4934e-06,-7.7803e-08,-1.0638e-07,4.2646e-08,0.0046869,4.3299e-06,-6.3354e-06,1.6247e-06,0.0,0.0,0.00082511,-1.5111e-06,1.6515e-06,4.0723e-08,8.0173e-09,-9.6377e-05,4.8357e-08,4.5166e-07,1.4517e-07,0.0001159,1.7746e-07,5.2296e-07,76.346,0.0,0.0,9.8388e-05,-1.4946e-05,5.5438e-05
