,class_file_name,date,post_fit_start_time,post_fit_start_count,post_fit_peak_time,post_fit_peak_count,post_fit_end_time,post_fit_end_count,complex_region,multi_flare_region_flag,multi_flare_unresolved_flag,flare_class_with_bg,flare_class_without_bg,mean_background,flare amplitude,fit_param_Aprime,fit_param_mu,fit_param_sigma,fit_param_tau,redchisq,rsquared,snr,pre_fit_start_time,pre_fit_start_count,pre_fit_peak_time,pre_fit_peak_count,pre_fit_end_time,pre_fit_end_count,flag,Unnamed: 29,active_region,V0_LAT,V1_LAT,V2_LAT,V3_LAT,V0_LON,V1_LON,V2_LON,V3_LON,STARTIME,ENDTIME,Centroid_LAT,Centroid_LON,ca,mg,fe,ti,al,o,si
1323013,20221028T134536745_20221028T134544745,20221028,49345.0,23.12,49415.0,196.16,49945.0,19.48,3,True,True,B8,B1,647.27,943.94,123.24,49375.12,23.34,224.06,141.272,0.918,136.51,47095.0,-3.84,49405.0,223.69,50335.0,-2.09,True,,,-74.003,-75.1341,-75.6788,-74.5216,10.2857,8.1309,11.0295,13.0507,2022-10-28T13:45:36.745,2022-10-28T13:45:44.745,-74.834375,10.6242,10.94488188976378,7.819004524886878,3.947368421052632,1.2452830188679247,15.294117647058822,44.68619246861925,16.06315202975071
665219,20220226T123103459_20220226T123111459,20220226,44885.0,38.13,45085.0,366.12,46135.0,36.44,4,True,True,B4,B3,97.03,1275.01,251.46,44981.15,68.85,437.56,89.797,0.979,1009.94,44095.0,-0.43,45075.0,371.92,55495.0,1.82,True,,False,-86.2322,-86.9301,-87.6462,-86.8791,174.011,162.211,167.33,-179.484,2022-02-26T12:31:03.459,2022-02-26T12:31:11.459,-86.9219,81.017,11.88976377952756,7.384615384615385,5.263157894736842,1.2169811320754718,13.490196078431374,45.30125523012552,15.454030500487846
1341250,20220502T203316439_20220502T203324439,20220502,73656.0,35.28,74206.0,358.2,75616.0,35.55,2,True,True,C1,B3,865.54,704.31,327.6,73969.91,204.8,551.84,343.039,0.976,758.85,73136.0,74.63,74176.0,357.0,75646.0,39.48,True,,,-47.0373,-48.136,-48.6116,-47.5049,-153.333,-154.045,-153.002,-152.302,2022-05-02T20:33:16.439,2022-05-02T20:33:24.439,-47.82245,-153.1705,11.763779527559056,10.85972850678733,8.421052631578947,0.7075471698113207,7.137254901960785,44.77405857740586,16.336578684896693
1397592,20220524T004105627_20220524T004113627,20220524,2095.0,60.39,3455.0,172.15,5475.0,17.1,1,False,True,C1,B1,1314.75,174.22,1380.89,3307.64,928.05,146.75,320.765,0.916,715.33,2095.0,98.22,3605.0,199.52,6295.0,-29.04,True,,,-53.2827,-54.5333,-54.5194,-53.2692,-71.363,-71.3502,-69.8959,-69.9499,2022-05-24T00:41:05.627,2022-05-24T00:41:13.627,-53.90115,-70.63975,11.88976377952756,6.009049773755656,5.131578947368421,1.1037735849056602,15.607843137254902,45.1255230125523,15.132467764635493
1375993,20220518T014108278_20220518T014116278,20220518,5845.0,103.33,7535.0,1036.51,11575.0,133.46,2,True,True,C2,C1,1904.45,2098.67,927.59,6795.3,625.65,1774.1,4944.435,0.955,4513.59,5095.0,-10.35,7395.0,1038.48,11575.0,155.61,True,,,-76.0844,-77.2993,-77.333,-76.1161,3.3491,2.977,6.6593,6.7197,2022-05-18T01:41:08.278,2022-05-18T01:41:16.278,-76.7082,4.926275,12.708661417322835,6.226244343891403,3.552631578947368,0.9622641509433962,14.901960784313726,45.03765690376569,16.61058082081557
779006,20220622T091117835_20220622T091125835,20220622,33045.0,86.55,33195.0,894.19,33815.0,90.64,5,True,True,C1,B8,890.51,2682.67,648.15,33118.07,50.15,260.15,4052.382,0.768,639.71,22615.0,86.51,33195.0,956.07,35215.0,-39.69,True,,,5.1733,3.826,3.8377,5.1851,-98.7166,-98.7001,-97.7517,-97.7663,2022-06-22T09:11:17.835,2022-06-22T09:11:25.835,4.505525,-98.233675,13.590551181102365,4.923076923076923,4.605263157894736,0.339622641509434,16.15686274509804,44.65690376569037,15.727719585628137
628181,20220208T025355818_20220208T025403818,20220208,9085.0,23.83,10365.0,240.0,12775.0,90.29,3,True,True,B4,B2,237.68,710.08,174.86,9717.23,437.44,2226.39,199.992,0.959,1234.82,8795.0,-1.23,10355.0,246.42,12775.0,90.21,True,,False,-37.7988,-38.9128,-38.5533,-37.4456,49.9278,50.3717,51.2672,50.8133,2022-02-08T02:53:55.818,2022-02-08T02:54:03.818,-38.177625000000006,50.595,12.456692913385826,7.457013574660634,5.394736842105264,0.9056603773584906,11.607843137254903,45.24267782426778,16.935375330967105
1218536,20220825T142417222_20220825T142425222,20220825,51505.0,43.24,51955.0,408.75,55335.0,40.86,7,True,True,C1,B4,979.47,2059.61,254.12,51696.07,141.84,1440.82,16251.165,0.408,1511.05,48655.0,-107.79,52005.0,650.78,58975.0,-149.11,True,,,70.4871,69.3081,68.943,70.1077,134.938,133.908,136.068,137.199,2022-08-25T14:24:17.222,2022-08-25T14:24:25.222,69.71147500000001,135.52825,15.354330708661417,4.778280542986425,4.736842105263158,0.3679245283018868,13.098039215686274,44.3347280334728,17.329854865628036
1200285,20220818T092114526_20220818T092122526,20220818,33175.0,104.58,33735.0,840.33,34335.0,82.34,2,True,True,C1,B8,816.95,856.4,5321.01,33683.67,271.02,54.67,4445.854,0.954,1199.22,33175.0,246.43,33645.0,934.03,35085.0,-29.17,True,,,79.1382,77.8979,77.3957,78.6002,-131.95,-134.304,-130.402,-127.744,2022-08-18T09:21:14.526,2022-08-18T09:21:22.526,78.25800000000001,-131.1,11.952755905511813,5.647058823529412,3.1578947368421053,0.339622641509434,17.568627450980394,45.21338912133891,16.12065132028792
294773,20200409T030600512_20200409T030608512,20200409,8815.0,9.78,9455.0,11.34,11985.0,1.14,19,False,True,A6,A1,56.07,11.48,90.26,9274.12,1161.63,185.21,3.697,0.801,209.65,8815.0,12.97,9865.0,16.29,12295.0,-1.05,True,,,85.7238,84.5691,84.9297,86.1668,43.3103,50.2333,59.2459,54.371,2020-04-09T03:06:00.512,2020-04-09T03:06:08.512,85.34735,51.790125,12.708661417322835,7.529411764705882,4.473684210526316,0.5660377358490567,14.03921568627451,44.86192468619247,15.821064499128935
191257,20240220T062530749_20240220T062538749,20240220,19875.0,30.23,20185.0,297.39,23335.0,95.17,2,True,True,B9,B2,630.78,4130.96,161.57,19987.0,85.43,2737.75,591.308,0.919,436.91,18895.0,67.14,20115.0,387.96,23335.0,109.51,True,,False,-87.6487,-88.5792,-88.6553,-87.6349,135.903,122.595,149.374,151.649,2024-02-20T06:25:30.749,2024-02-20T06:25:38.749,-88.129525,139.88025,10.881889763779528,6.4434389140271495,3.289473684210526,0.5377358490566038,16.392156862745097,46.09205020920502,16.363254716976087
529791,20211031T200541295_20211031T200549295,20211031,71785.0,225.9,71985.0,2541.03,72505.0,250.5,1,False,True,C3,C2,569.4,5264.35,2240.55,71895.65,70.34,207.13,10545.6,0.959,1682.11,70855.0,-109.78,72005.0,2952.14,76135.0,-72.38,True,,,-86.0992,-87.3485,-87.7272,-86.4124,111.685,104.358,125.459,125.887,2021-10-31T20:05:41.295,2021-10-31T20:05:49.295,-86.89682499999999,116.84725,11.196850393700789,5.212669683257919,3.947368421052632,0.7358490566037736,15.92156862745098,45.65271966527197,17.332974152661947
1220611,20220825T223412695_20220825T223420695,20220825,80965.0,65.48,81335.0,634.35,82855.0,62.94,2,True,True,C1,B6,1319.64,1808.91,469.38,81150.34,129.57,625.85,4246.769,0.88,972.86,77815.0,-91.24,81275.0,625.51,82975.0,-80.29,True,,,15.3608,14.098,14.0119,15.2712,130.364,130.274,131.156,131.25,2022-08-25T22:34:12.695,2022-08-25T22:34:20.695,14.685475,130.76100000000002,15.606299212598426,4.633484162895928,4.868421052631579,0.9056603773584906,15.372549019607844,43.48535564853557,15.128230526372164
145872,20240330T170649588_20240330T170657588,20240330,59675.0,187.01,60785.0,1894.36,64375.0,237.71,1,False,True,C2,C1,1011.67,4883.34,1468.03,60248.02,389.33,1623.16,13714.553,0.956,7606.0,59575.0,485.13,60535.0,2020.22,64375.0,126.73,True,,False,1.8618,0.959,0.9591,1.8624,-165.798,-165.787,-165.31,-165.32,2024-03-30T17:06:49.588,2024-03-30T17:06:57.588,1.410575,-165.55375,12.26771653543307,6.081447963800905,2.1052631578947367,1.018867924528302,17.568627450980394,44.8326359832636,16.125440984098987
1061859,20220418T033713070_20220418T033721070,20220418,11025.0,490.85,12055.0,5027.42,17765.0,503.76,4,True,True,C5,C5,953.14,19143.85,3354.88,11503.37,336.87,2409.24,48108.198,0.97,12299.6,8215.0,62.04,11955.0,5543.7,22015.0,104.11,True,,False,-10.4512,-11.6466,-11.7375,-10.539,-138.941,-139.034,-138.23,-138.139,2022-04-18T03:37:13.070,2022-04-18T03:37:21.070,-11.093575,-138.586,13.590551181102365,6.660633484162896,2.236842105263158,0.4245283018867924,14.980392156862743,45.09623430962343,17.01081846109861
349375,20201109T062636270_20201109T062644270,20201109,20975.0,14.89,21615.0,144.32,23355.0,14.34,1,False,True,B3,B1,207.53,295.06,128.26,21332.09,238.3,687.09,41.7,0.981,720.54,19735.0,-2.41,21505.0,144.45,23575.0,12.0,True,,,-57.4319,-58.506,-59.0343,-57.9494,121.479,120.494,121.785,122.748,2020-11-09T06:26:36.270,2020-11-09T06:26:44.270,-58.2304,121.6265,12.708661417322835,5.212669683257919,5.394736842105264,0.339622641509434,14.431372549019608,45.27196652719665,16.64097033958828
675114,20210508T032059234_20210508T032107234,20210508,10495.0,10.59,11305.0,45.67,13285.0,4.54,5,True,False,B1,A4,91.94,75.03,49.16,10916.51,385.62,737.54,10.145,0.956,458.87,10495.0,19.24,11085.0,48.61,13975.0,-0.29,True,,,11.5528,10.1645,10.3653,11.7614,-91.6278,-91.4104,-90.4001,-90.6128,2021-05-08T03:20:59.234,2021-05-08T03:21:07.234,10.961,-91.012775,11.32283464566929,6.009049773755656,5.263157894736842,0.6226415094339623,15.450980392156865,45.21338912133891,16.11794666290848
1343117,20220503T235550421_20220503T235558421,20220503,84805.0,42.0,85755.0,414.48,86215.0,270.59,1,False,True,C1,B4,984.6,511.69,717.87,85494.4,401.82,358.96,108.726,0.996,814.78,84295.0,4.64,85875.0,442.87,86215.0,288.9,True,,,-25.5614,-26.7899,-27.1397,-25.9047,-168.394,-168.788,-167.86,-167.472,2022-05-03T23:55:50.421,2022-05-03T23:55:58.421,-26.348925,-168.1285,16.173228346456693,5.574660633484163,6.315789473684211,0.3679245283018868,10.352941176470589,43.92468619246862,17.290769649133836
734392,20220204T002432891_20220204T002440891,20220204,55.0,0.0,2035.0,200.82,2915.0,20.02,4,True,True,C1,B2,919.87,202.91,1734.3,1981.18,402.81,59.07,1732.726,0.706,578.64,55.0,138.37,2195.0,250.42,6295.0,-97.51,True,,,89.9012,88.6626,88.5102,89.0161,175.011,139.297,177.567,-125.628,2022-02-04T00:24:32.891,2022-02-04T00:24:40.891,89.022525,91.56175,11.637795275590552,6.298642533936651,2.763157894736842,0.679245283018868,17.019607843137255,45.24267782426778,16.35887334531205
658925,20220224T180900205_20220224T180908205,20220224,64765.0,1.53,65025.0,14.48,66605.0,8.2,29,True,False,A9,A1,77.84,236.32,7.78,64856.98,71.67,2728.9,15.615,0.662,152.26,61855.0,-5.0,65375.0,22.01,66605.0,6.86,True,,False,73.7086,72.5095,72.1806,73.3645,-169.649,-170.69,-168.087,-166.887,2022-02-24T18:09:00.205,2022-02-24T18:09:08.205,72.9408,-168.82825,12.20472440944882,5.212669683257919,2.763157894736842,0.339622641509434,16.0,45.35983263598327,18.11999273506372
1013024,20210304T213359571_20210304T213407571,20210304,73955.0,0.5,76065.0,4.95,78665.0,0.49,48,True,True,A1,sub-A,13.46,5.89,9.55,75535.01,903.63,698.68,1.956,0.6,229.69,72775.0,-0.5,76135.0,8.6,79615.0,-0.02,True,,False,-30.8608,-31.9435,-31.8461,-30.7657,-144.48,-144.375,-143.589,-143.704,2021-03-04T21:33:59.571,2021-03-04T21:34:07.571,-31.354025,-144.037,13.149606299212598,5.14027149321267,4.2105263157894735,0.9622641509433962,15.607843137254902,45.00836820083682,15.921120402750148
1103889,20220416T193716381_20220416T193724381,20220416,70085.0,80.36,70915.0,820.3,71755.0,82.99,3,True,True,C2,B8,2131.0,845.63,4060.46,70821.85,376.7,98.32,4065.528,0.946,1096.0,69175.0,-110.02,70855.0,901.8,73615.0,-15.75,True,,,-64.3768,-65.6031,-65.9608,-64.7228,59.3013,58.4441,60.4588,61.2365,2022-04-16T19:37:16.381,2022-04-16T19:37:24.381,-65.165875,59.860175,11.133858267716535,6.298642533936651,4.868421052631579,0.339622641509434,16.313725490196077,45.50627615062761,15.539453863382109
1196946,20220817T045516899_20220817T045524899,20220817,17585.0,259.25,17835.0,2376.29,18325.0,240.3,3,True,True,C3,C2,664.27,3864.7,2587.59,17735.77,97.99,183.42,3077.086,0.985,1654.92,16855.0,88.34,17825.0,2357.54,23455.0,-84.14,True,,,-63.8797,-64.8976,-64.5256,-63.5165,64.0526,64.8622,66.2592,65.4117,2022-08-17T04:55:16.899,2022-08-17T04:55:24.899,-64.20485,65.14642500000001,12.330708661417322,7.963800904977376,5.657894736842105,1.2452830188679247,12.862745098039216,44.86192468619247,15.077642893663594
717641,20210820T165913857_20210820T165921857,20210820,60215.0,99.63,60585.0,1051.04,61485.0,104.89,2,True,True,C1,C1,225.65,2037.73,972.16,60424.93,134.86,354.28,3062.851,0.923,1909.66,58495.0,1.65,60585.0,964.96,69775.0,-12.83,True,,,50.422,49.1695,48.7295,49.9722,150.107,149.436,150.729,151.426,2021-08-20T16:59:13.857,2021-08-20T16:59:21.857,49.5733,150.42450000000002,12.456692913385826,7.963800904977376,3.684210526315789,1.018867924528302,14.509803921568627,45.35983263598327,15.006791173240812
766012,20220226T102903459_20220226T102911459,20220226,36375.0,14.54,38555.0,143.67,38815.0,140.73,4,True,True,B1,B1,0.0,292.42,128.09,37590.76,805.24,2303.97,423.716,0.877,2230.8,33775.0,-23.17,38415.0,152.94,38815.0,150.03,True,,,-80.027,-81.1629,-80.8666,-79.7514,-14.1001,-12.6409,-8.0801,-9.9925,2022-02-26T10:29:03.459,2022-02-26T10:29:11.459,-80.451975,-11.2034,11.385826771653544,6.4434389140271495,1.5789473684210529,0.4245283018867924,17.88235294117647,45.50627615062761,16.778629552207377
1411919,20220529T035154409_20220529T035202409,20220529,13685.0,55.7,16575.0,560.06,20485.0,56.09,1,False,True,B9,B5,354.04,712.96,898.83,15735.0,1203.06,1196.0,401.958,0.989,6299.43,11695.0,-18.68,16335.0,618.38,24295.0,-44.41,True,,,-84.0055,-85.2725,-85.3008,-84.0277,34.9043,33.3862,43.971,43.2358,2022-05-29T03:51:54.409,2022-05-29T03:52:02.409,-84.651625,38.874325,12.330708661417322,4.850678733031674,3.1578947368421053,1.1886792452830188,16.627450980392158,45.15481171548117,16.689775927552546
133410,20240421T052417082_20240421T052425082,20240421,18535.0,913.98,19655.0,1037.51,24775.0,456.75,1,False,True,C2,C1,1089.92,1209.98,2346.77,18755.0,2954.47,1909.19,9179.778,0.854,3626.39,18535.0,783.77,19355.0,1200.85,24775.0,351.71,True,,False,-64.2772,-65.3274,-65.6535,-64.5938,-89.5337,-90.3143,-88.767,-88.0391,2024-04-21T05:24:17.082,2024-04-21T05:24:25.082,-64.962975,-89.163525,10.31496062992126,7.167420814479638,4.078947368421053,0.7924528301886793,15.607843137254902,45.53556485355649,16.502810366177982
1429973,20221031T074942471_20221031T074950471,20221031,27895.0,0.0,29085.0,58.23,29835.0,5.76,2,True,True,B6,A5,556.31,58.89,482.33,29029.94,345.42,52.86,314.495,0.642,75.81,27895.0,4.38,29155.0,63.03,30415.0,-29.13,True,,False,-13.9146,-15.1794,-15.3532,-14.0834,155.681,155.508,156.399,156.57,2022-10-31T07:49:42.471,2022-10-31T07:49:50.471,-14.63265,156.0395,13.149606299212598,6.3710407239819,2.631578947368421,0.3962264150943396,15.76470588235294,45.27196652719665,16.414875204793148
226338,20200604T125354176_20200604T125402176,20200604,46356.0,7.54,46546.0,76.93,46976.0,7.57,7,True,False,B1,A7,47.03,134.94,77.62,46472.05,73.97,161.17,7.071,0.982,193.71,45656.0,-0.23,46556.0,73.07,48176.0,0.07,True,,,-68.9473,-70.2508,-70.2763,-68.9713,-142.45,-142.632,-139.962,-139.941,2020-06-04T12:53:54.176,2020-06-04T12:54:02.176,-69.611425,-141.24625,11.637795275590552,8.542986425339366,9.736842105263158,0.9622641509433962,8.627450980392158,44.59832635983263,15.89433470263873
247265,20200403T060033206_20200403T060041206,20200403,20925.0,0.47,21165.0,4.68,21995.0,0.47,12,False,True,sub-A,sub-A,2.88,11.9,3.65,21047.68,83.6,341.72,0.603,0.785,74.98,20215.0,0.56,21155.0,6.64,22015.0,0.86,True,,False,-78.2995,-79.5849,-79.6935,-78.4002,140.683,139.921,144.846,145.077,2020-04-03T06:00:33.206,2020-04-03T06:00:41.206,-78.994525,142.63175,12.89763779527559,5.574660633484163,4.2105263157894735,0.7075471698113207,15.450980392156865,45.15481171548117,16.00383597800142
982030,20210317T115550346_20210317T115558346,20210317,40015.0,2.14,41035.0,20.86,43855.0,3.69,30,False,False,A3,A2,18.83,54.23,16.1,40535.0,358.52,1513.45,4.707,0.89,601.4,39655.0,2.34,41135.0,23.32,43855.0,2.66,True,,False,4.2726,2.8273,2.8497,4.2944,-130.865,-130.838,-129.789,-129.814,2021-03-17T11:55:50.346,2021-03-17T11:55:58.346,3.561,-130.32649999999998,13.84251968503937,2.823529411764706,2.8947368421052637,0.5094339622641509,16.07843137254902,45.15481171548117,18.69653701079632
912289,20220719T075148601_20220719T075156601,20220719,27905.0,25.63,28905.0,256.69,29915.0,25.99,3,True,True,C1,B2,1068.03,263.95,1329.23,28795.24,455.56,113.38,430.745,0.945,608.27,25855.0,36.88,28915.0,281.66,30655.0,-37.17,True,,,50.306,48.8625,48.8814,50.3256,-94.9084,-94.8445,-93.2517,-93.2668,2022-07-19T07:51:48.601,2022-07-19T07:51:56.601,49.593875,-94.06785,11.32283464566929,8.615384615384615,4.2105263157894735,0.7075471698113207,14.27450980392157,45.68200836820084,15.187189081222895
347159,20201108T080055356_20201108T080103356,20201108,28775.0,1.71,29075.0,16.45,29395.0,1.72,2,True,False,B2,A1,194.35,17.58,53.65,29026.49,135.84,55.79,6.442,0.815,29.02,28255.0,0.78,28955.0,19.09,29935.0,-1.12,True,,,88.9308,87.7743,87.3741,88.3936,109.226,104.713,122.493,138.161,2020-11-08T08:00:55.356,2020-11-08T08:01:03.356,88.1182,118.64825,11.385826771653544,6.298642533936651,1.5789473684210529,0.4528301886792453,17.80392156862745,45.62343096234309,16.856400606338966
1212535,20220823T193933503_20220823T193941503,20220823,70326.0,20.27,70866.0,211.83,71436.0,21.79,4,True,True,B5,B2,348.25,230.0,617.17,70768.16,236.56,110.49,87.114,0.962,457.18,65816.0,8.22,70806.0,223.6,73856.0,-2.06,True,,,-21.5394,-22.7746,-22.5752,-21.3442,158.225,158.43,159.326,159.114,2022-08-23T19:39:33.503,2022-08-23T19:39:41.503,-22.05835,158.77375,14.283464566929132,2.8959276018099547,5.0,0.9622641509433962,15.294117647058822,44.86192468619247,16.702301347066225
1268465,20221020T125011611_20221020T125019611,20221020,45315.0,30.37,45635.0,310.4,46365.0,195.86,2,True,True,C1,B3,812.42,2222.23,181.21,45446.92,96.73,1486.73,287.901,0.982,567.33,44455.0,-8.88,45575.0,318.54,46365.0,163.47,True,,,-65.6574,-66.843,-67.2062,-66.009,118.384,117.466,119.471,120.311,2022-10-20T12:50:11.611,2022-10-20T12:50:19.611,-66.4289,118.90800000000002,11.32283464566929,4.995475113122172,5.0,0.7075471698113207,15.92156862745098,45.44769874476987,16.60487569917636
407844,20210829T220421257_20210829T220429257,20210829,78485.0,6.28,79575.0,62.99,80675.0,6.27,10,True,True,B3,A6,279.12,64.65,339.41,79458.55,496.39,118.49,55.36,0.901,317.52,78055.0,5.73,79535.0,72.11,81075.0,0.18,True,,False,22.4623,21.0742,20.9405,22.3245,-151.724,-151.865,-150.808,-150.656,2021-08-29T22:04:21.257,2021-08-29T22:04:29.257,21.700375,-151.26325,11.700787401574804,5.791855203619909,3.552631578947368,0.5094339622641509,17.490196078431374,45.71129707112971,15.243798704032685
327683,20200327T180152306_20200327T180200306,20200327,64706.0,2.76,65476.0,27.22,66266.0,2.78,19,True,False,A6,A2,39.98,27.98,142.58,65397.04,354.72,87.23,4.686,0.944,241.54,63655.0,-0.65,65236.0,30.62,67856.0,1.31,True,,,-43.1731,-44.511,-44.51,-43.1719,-133.142,-133.144,-131.833,-131.857,2020-03-27T18:01:52.306,2020-03-27T18:02:00.306,-43.8415,-132.494,12.582677165354331,5.936651583710408,3.026315789473684,0.990566037735849,17.254901960784316,45.03765690376569,15.171230559175712
1424057,20221017T113022634_20221017T113030634,20221017,40865.0,22.34,42805.0,220.31,44165.0,22.06,6,False,True,B6,B2,415.58,241.81,1670.52,42375.46,745.43,135.24,486.423,0.89,577.83,40495.0,45.12,42805.0,280.84,46135.0,-4.59,True,,False,31.8088,30.5075,30.7196,32.025,158.242,158.494,159.542,159.303,2022-10-17T11:30:22.634,2022-10-17T11:30:30.634,31.265225,158.89525,12.015748031496065,8.97737556561086,4.736842105263158,0.339622641509434,13.490196078431374,45.33054393305439,15.109671644634716
1234817,20220827T173819045_20220827T173827045,20220827,61975.0,1895.62,62405.0,2988.56,63905.0,300.76,2,False,True,C6,C2,3193.47,4318.03,3790.83,62085.1,367.11,524.09,99305.112,0.919,3587.3,61975.0,2618.41,62515.0,4317.04,64855.0,-321.55,True,,,49.8669,48.6141,48.3379,49.5842,105.87,105.466,106.743,107.177,2022-08-27T17:38:19.045,2022-08-27T17:38:27.045,49.100775,106.314,11.952755905511813,7.819004524886878,4.605263157894736,0.339622641509434,15.215686274509803,45.03765690376569,15.030010591921638
1093465,20220502T022713514_20220502T022721514,20220502,7855.0,0.0,10325.0,258.82,10895.0,25.65,1,False,True,B8,B2,560.38,264.28,1562.75,10267.39,260.12,55.13,1701.174,0.857,269.39,7855.0,-54.05,10315.0,396.17,11685.0,-13.91,True,,False,29.1924,27.9036,28.2876,29.5838,-143.715,-143.269,-142.255,-142.692,2022-05-02T02:27:13.514,2022-05-02T02:27:21.514,28.74185,-142.98275,14.15748031496063,4.923076923076923,3.552631578947368,0.339622641509434,16.235294117647058,44.48117154811715,16.310722875741448
1293807,20221004T212544333_20221004T212552333,20221004,71395.0,32.03,73325.0,322.25,78175.0,98.38,3,True,True,C1,B3,1061.18,1053.57,225.99,72325.0,650.38,3800.12,2074.619,0.843,2742.94,69535.0,60.83,73105.0,384.24,78175.0,23.99,True,,,-43.5256,-44.6759,-44.7868,-43.6346,144.208,144.051,145.091,145.229,2022-10-04T21:25:44.333,2022-10-04T21:25:52.333,-44.155725,144.64475000000002,11.007874015748031,9.122171945701355,5.394736842105264,0.5660377358490567,13.019607843137257,45.06694560669456,15.82262601076448
247873,20200403T011641206_20200403T011649206,20200403,315.0,0.61,1645.0,6.06,8815.0,0.72,62,False,False,sub-A,sub-A,2.31,23.95,4.0,923.24,434.77,3263.26,0.681,0.805,816.59,295.0,1.16,1415.0,8.72,8815.0,-0.01,True,,False,63.0616,61.7353,61.8706,63.2013,142.281,142.627,144.591,144.33,2020-04-03T01:16:41.206,2020-04-03T01:16:49.206,62.4672,143.45725000000002,11.763779527559056,5.791855203619909,3.421052631578948,0.7358490566037736,16.392156862745097,45.41841004184101,16.476896676052206
1326187,20221029T073942474_20221029T073950474,20221029,20515.0,53.64,23535.0,538.24,27655.0,74.57,2,True,True,C1,B5,879.41,739.8,740.29,22556.59,1231.01,1541.82,3276.907,0.908,4549.85,19015.0,2.9,23155.0,604.6,27655.0,15.13,True,,,-77.1692,-78.2777,-78.8302,-77.6896,0.5484,-2.1909,1.3727,3.9138,2022-10-29T07:39:42.474,2022-10-29T07:39:50.474,-77.991675,0.911,12.708661417322835,6.226244343891403,3.552631578947368,0.9622641509433962,14.980392156862743,45.03765690376569,16.53214944826655
991081,20210321T025713127_20210321T025721127,20210321,7255.0,0.81,9215.0,7.99,11915.0,0.8,47,True,False,A3,sub-A,24.7,10.26,12.59,8635.0,816.46,834.24,6.358,0.55,264.27,4975.0,1.01,9195.0,14.02,12175.0,0.42,True,,False,45.8611,44.5132,44.5129,45.8607,-179.035,-179.019,-177.693,-177.677,2021-03-21T02:57:13.127,2021-03-21T02:57:21.127,45.186975,-178.356,15.16535433070866,4.995475113122172,3.8157894736842106,0.4528301886792453,11.84313725490196,44.56903765690377,19.158375981999967
1036969,20210328T103242328_20210328T103250328,20210328,35145.0,2.9,35535.0,27.87,39175.0,10.16,30,True,False,A4,A2,17.55,398.37,15.11,35285.0,108.0,3568.63,7.013,0.927,976.46,33175.0,-2.55,36125.0,32.68,39175.0,11.13,True,,,-32.8327,-34.1062,-34.1791,-32.9041,-95.8324,-95.9374,-94.8875,-94.7997,2021-03-28T10:32:42.328,2021-03-28T10:32:50.328,-33.505525,-95.36425,9.30708661417323,4.850678733031674,4.078947368421053,0.679245283018868,19.137254901960784,45.97489539748954,15.971891701904852
840639,20210428T202052280_20210428T202100280,20210428,71215.0,2.65,74235.0,26.15,77345.0,2.63,4,False,True,B2,A2,225.5,26.48,206.93,74016.1,1426.73,228.79,86.798,0.495,475.73,68095.0,-11.19,74485.0,36.97,79135.0,-12.85,True,,,-71.8797,-73.0443,-73.5851,-72.398,31.9278,30.1002,32.7652,34.4778,2021-04-28T20:20:52.280,2021-04-28T20:21:00.280,-72.726775,32.317750000000004,11.763779527559056,7.312217194570135,5.394736842105264,0.7075471698113207,14.03921568627451,45.1255230125523,15.65698056712742
1345862,20220505T072023737_20220505T072031737,20220505,26225.0,199.89,26415.0,1848.95,26635.0,180.96,5,True,True,C2,C1,986.24,2067.9,4553.85,26375.69,85.02,48.39,31764.888,0.697,751.55,21655.0,8.51,26405.0,1978.11,29095.0,-329.59,True,,,-22.0119,-23.2662,-23.5913,-22.3304,174.645,174.291,175.221,175.57,2022-05-05T07:20:23.737,2022-05-05T07:20:31.737,-22.79995,174.93175000000002,11.196850393700789,6.226244343891403,3.552631578947368,0.5377358490566038,16.549019607843135,45.71129707112971,16.226221155431006
1085675,20220427T151046810_20220427T151054810,20220427,50935.0,567.79,54015.0,5709.94,54745.0,5152.24,1,False,True,C5,C5,0.0,7615.74,8301.12,53055.0,1265.01,1454.55,144189.07,0.968,16357.04,50815.0,731.88,53655.0,5794.64,54745.0,4649.33,True,,False,-65.0122,-66.0244,-66.4737,-65.45,94.6394,93.5106,95.0068,96.0982,2022-04-27T15:10:46.810,2022-04-27T15:10:54.810,-65.740075,94.81375,11.826771653543307,8.615384615384615,6.052631578947368,0.9622641509433962,11.607843137254903,44.92050209205021,16.0146027718762
822157,20210421T105237377_20210421T105245377,20210421,37815.0,7.0,39075.0,70.08,40365.0,7.11,4,True,False,B2,A7,216.2,72.42,333.03,38930.75,575.09,156.74,23.534,0.961,459.14,36535.0,-6.02,38815.0,77.7,41815.0,-1.12,True,,,-86.4976,-87.6246,-87.9325,-86.7487,133.652,126.353,145.86,146.812,2021-04-21T10:52:37.377,2021-04-21T10:52:45.377,-87.20085,138.16925,10.503937007874017,6.4434389140271495,3.8157894736842106,0.6226415094339623,16.549019607843135,45.9163179916318,16.148855495505728
274930,20200229T165507520_20200229T165515520,20200229,60895.0,8.62,61625.0,27.25,62935.0,6.36,7,False,False,B1,A2,81.65,43.28,30.49,61244.73,392.76,698.74,5.984,0.885,267.49,60895.0,15.17,61405.0,31.06,62935.0,4.85,True,,,4.8195,3.4417,3.4364,4.811,-137.23,-137.232,-136.254,-136.25,2020-02-29T16:55:07.520,2020-02-29T16:55:15.520,4.127149999999999,-136.7415,11.637795275590552,4.633484162895928,1.8421052631578945,0.339622641509434,16.15686274509804,46.00418410041841,19.385945811329748
572375,20201018T232154508_20201018T232202508,20201018,77466.0,1.69,80896.0,16.85,84296.0,2.1,21,True,True,A8,A1,65.46,17.79,61.41,80386.0,1543.41,560.26,7.717,0.767,552.29,77456.0,-3.62,80986.0,28.02,84296.0,0.83,True,,,-50.2946,-51.5244,-51.7673,-50.5319,41.6461,41.2571,42.5887,42.9455,2020-10-18T23:21:54.508,2020-10-18T23:22:02.508,-51.02955,42.10935,9.559055118110235,4.48868778280543,3.684210526315789,0.7075471698113207,17.098039215686274,46.38493723849373,18.07752294877721
847766,20211102T034520759_20211102T034528759,20211102,6965.0,1469.23,11325.0,14678.47,16475.0,1469.61,1,False,True,M1,M1,1918.03,17011.72,31019.95,10305.0,1883.39,1294.52,2104383.401,0.919,67767.78,4615.0,-328.38,10905.0,15934.02,26925.0,-1436.15,True,,,-84.1543,-85.3761,-85.8668,-84.58,91.0071,85.6695,96.7903,100.008,2021-11-02T03:45:20.759,2021-11-02T03:45:28.759,-84.9943,93.368725,12.771653543307089,6.588235294117647,4.736842105263158,1.2735849056603774,14.431372549019608,44.71548117154812,15.482830431084013
1261637,20221018T153310128_20221018T153318128,20221018,54225.0,7.95,54335.0,72.17,56095.0,16.85,2,True,True,B7,A7,679.9,1266.74,38.59,54261.82,29.27,1204.24,105.416,0.807,193.62,53815.0,-5.45,54315.0,104.99,56095.0,-0.49,True,,,-59.6298,-60.8671,-61.2223,-59.9748,142.115,141.369,143.098,143.789,2022-10-18T15:33:10.128,2022-10-18T15:33:18.128,-60.4235,142.59275000000002,12.393700787401574,5.864253393665158,6.315789473684211,0.679245283018868,14.352941176470589,44.74476987447699,15.649300011282604
1163994,20220920T180142223_20220920T180150223,20220920,64575.0,12.74,64745.0,148.22,65245.0,14.67,3,True,True,C1,B1,868.54,326.46,125.42,64671.06,60.96,198.87,265.485,0.737,107.69,60775.0,19.56,64735.0,168.19,66295.0,-38.75,True,,False,5.0222,3.6707,3.6871,5.0383,150.363,150.377,151.328,151.317,2022-09-20T18:01:42.223,2022-09-20T18:01:50.223,4.354575,150.84625,14.598425196850394,7.167420814479638,4.078947368421053,0.339622641509434,12.941176470588236,44.62761506276151,16.24679244538973
360713,20201115T043612228_20201115T043620228,20201115,14935.0,0.0,16275.0,7.05,16625.0,0.74,5,False,True,B1,sub-A,103.45,7.11,66.91,16257.14,161.62,21.52,6.413,0.536,19.09,14935.0,-4.68,16305.0,15.12,16855.0,-3.83,True,,,-5.0112,-6.098,-6.191,-5.0984,-137.788,-137.882,-137.205,-137.111,2020-11-15T04:36:12.228,2020-11-15T04:36:20.228,-5.5996500000000005,-137.4965,14.22047244094488,3.18552036199095,2.8947368421052637,0.5660377358490567,15.84313725490196,44.71548117154812,18.57461419265977
1022014,20210311T095452878_20210311T095500878,20210311,34786.0,4.6,36406.0,45.75,38046.0,4.63,16,True,False,A7,A4,28.83,46.71,276.22,36256.33,744.89,157.89,23.07,0.918,869.29,32696.0,-1.58,35836.0,45.74,38936.0,3.19,True,,,-45.1298,-46.4833,-46.3679,-45.0177,128.844,128.984,130.363,130.19,2021-03-11T09:54:52.878,2021-03-11T09:55:00.878,-45.749675,129.59525,12.645669291338583,3.764705882352941,5.131578947368421,0.9622641509433962,13.96078431372549,45.33054393305439,18.20445348121677
950137,20221101T212445726_20221101T212453726,20221101,76036.0,16.19,76146.0,160.93,77246.0,16.17,2,True,True,B7,B1,622.64,1042.41,95.49,76082.62,34.4,470.65,238.272,0.864,234.14,74816.0,-1.97,76176.0,191.33,78656.0,-23.74,True,,,-31.3233,-32.5064,-32.8468,-31.6579,135.391,134.994,135.918,136.307,2022-11-01T21:24:45.726,2022-11-01T21:24:53.726,-32.083600000000004,135.6525,12.960629921259844,5.719457013574661,3.552631578947368,0.9622641509433962,14.901960784313726,45.1255230125523,16.777533538408704
63316,20200831T030444048_20200831T030452048,20200831,10525.0,6.14,11885.0,60.4,13255.0,6.06,29,True,False,A7,A6,13.46,61.66,365.43,11753.68,624.06,131.98,23.674,0.947,1129.56,10015.0,1.74,12035.0,68.19,16255.0,-3.6,True,,,89.6183,88.4188,88.0268,88.8871,153.49,133.608,158.327,-167.22,2020-08-31T03:04:44.048,2020-08-31T03:04:52.048,88.73775,69.55125000000001,13.77952755905512,7.384615384615385,3.552631578947368,0.3679245283018868,14.03921568627451,44.71548117154812,16.16060409125761
203331,20201101T155003210_20201101T155011210,20201101,56695.0,53.99,57095.0,528.96,57855.0,52.96,3,True,True,B7,B5,216.81,834.05,596.77,56945.91,158.32,277.32,955.544,0.966,1125.83,56435.0,92.01,57085.0,556.69,61245.0,-68.71,True,,False,-88.4717,-89.5471,-89.3365,-88.5114,-119.991,-129.084,-50.9199,-92.2755,2020-11-01T15:50:03.210,2020-11-01T15:50:11.210,-88.966675,-98.0676,13.338582677165354,7.167420814479638,3.026315789473684,0.5660377358490567,14.431372549019608,44.89121338912134,16.579057044891314
704481,20210805T224957771_20210805T225005771,20210805,80265.0,6.32,81535.0,63.25,83815.0,10.29,1,False,False,B2,A6,207.62,111.79,63.26,81017.69,483.68,1071.17,15.741,0.968,567.92,77695.0,-2.31,81525.0,70.32,83815.0,9.06,True,,,27.5807,26.2716,25.8597,27.1596,164.991,164.526,165.537,166.009,2021-08-05T22:49:57.771,2021-08-05T22:50:05.771,26.7179,165.26575000000005,13.149606299212598,7.167420814479638,3.947368421052632,0.6226415094339623,14.27450980392157,45.18410041841004,15.65435273348956
587850,20201027T081218753_20201027T081226753,20201027,29525.0,6.45,29945.0,63.01,30365.0,6.19,4,True,True,B4,A6,393.46,63.89,471.94,29909.19,193.41,32.82,287.868,0.452,107.51,25855.0,49.55,29945.0,69.94,30895.0,-32.54,True,,,-61.8595,-62.934,-63.3246,-62.2402,108.813,107.922,109.397,110.248,2020-10-27T08:12:18.753,2020-10-27T08:12:26.753,-62.589575,109.095,10.818897637795276,7.601809954751131,5.263157894736842,1.160377358490566,14.19607843137255,45.18410041841004,15.7755783044436
9676,20230902T070254474_20230902T070302474,20230902,24390.0,2388.48,26010.0,22177.21,29940.0,2217.1,1,False,True,M2,M2,981.65,41442.6,21119.98,25320.0,620.03,1524.84,691316.689,0.986,50281.55,21650.0,-552.87,25920.0,21204.01,36400.0,-449.51,True,,True,79.7119,78.4661,78.1442,79.3642,84.8837,83.3345,87.4499,89.4255,2023-09-02T07:02:54.474,2023-09-02T07:03:02.474,78.9216,86.27340000000001,15.039370078740156,5.574660633484163,3.947368421052632,1.1037735849056602,14.431372549019608,44.36401673640167,15.539437996396115
1422392,20221005T071720333_20221005T071728333,20221005,25915.0,10.59,26265.0,105.85,27125.0,10.72,2,True,True,B8,B1,709.45,202.93,98.72,26115.76,131.07,337.7,439.948,0.648,168.93,24535.0,12.25,26305.0,119.14,28735.0,-15.1,True,,False,-39.1467,-40.3022,-40.41,-39.2526,138.762,138.62,139.597,139.724,2022-10-05T07:17:20.333,2022-10-05T07:17:28.333,-39.777875,139.17575,12.771653543307089,3.619909502262444,4.078947368421053,1.1037735849056602,16.07843137254902,45.09623430962343,17.251050318931306
408380,20210829T042437693_20210829T042445693,20210829,15845.0,3.06,15915.0,50.94,16235.0,5.22,11,True,True,B1,A5,124.13,172.94,35.28,15881.93,21.96,134.94,29.703,0.781,52.3,14935.0,-2.42,15925.0,55.12,17215.0,6.12,True,,False,12.8463,11.4631,11.3985,12.7782,-142.007,-142.071,-141.069,-141.0,2021-08-29T04:24:37.693,2021-08-29T04:24:45.693,12.121525,-141.53674999999998,13.653543307086617,3.981900452488688,2.8947368421052637,0.9622641509433962,16.235294117647058,44.94979079497908,17.322470334749895
572647,20201019T054538508_20201019T054546508,20201019,20375.0,3.9,20695.0,39.07,21735.0,3.94,9,False,False,A8,A3,50.43,93.26,31.52,20544.31,114.32,423.92,4.943,0.96,221.33,19975.0,5.22,20715.0,40.9,23815.0,-5.41,True,,,-36.993,-38.1843,-38.4016,-37.2064,-142.739,-143.023,-142.023,-141.754,2020-10-19T05:45:38.508,2020-10-19T05:45:46.508,-37.696325,-142.38475,12.582677165354331,5.574660633484163,4.605263157894736,0.7358490566037736,15.607843137254902,45.09623430962343,15.797472539784664
1357322,20220509T212440591_20220509T212448591,20220509,76706.0,49.77,77146.0,473.4,79516.0,47.25,5,True,True,C1,B4,747.79,1736.08,319.54,76908.66,146.4,996.9,345.059,0.973,1387.66,70376.0,32.21,77176.0,463.5,81416.0,-31.01,True,,,-38.3709,-39.481,-39.9887,-38.8708,114.883,114.235,115.153,115.794,2022-05-09T21:24:40.591,2022-05-09T21:24:48.591,-39.17785,115.01625,11.637795275590552,4.126696832579186,6.184210526315789,1.358490566037736,15.92156862745098,45.21338912133891,15.55784905068684
1117189,20220427T125342661_20220427T125350661,20220427,44816.0,5.51,44936.0,48.51,46636.0,4.82,1,False,True,C1,A4,1151.53,440.66,27.45,44861.88,36.23,729.15,35.15,0.839,79.01,44096.0,-10.73,44956.0,62.65,47096.0,-3.68,True,,,-54.4669,-55.5611,-55.9692,-54.8667,-81.436,-82.1411,-80.9198,-80.2388,2022-04-27T12:53:42.661,2022-04-27T12:53:50.661,-55.21597500000001,-81.18392499999999,10.377952755905511,3.4027149321266967,3.684210526315789,0.7358490566037736,16.392156862745097,45.9163179916318,19.49079787467133
1212074,20220823T161142615_20220823T161150615,20220823,57655.0,8.48,58985.0,85.43,60345.0,8.44,2,True,True,B4,A8,406.88,87.6,467.29,58852.64,609.46,143.2,259.74,0.763,442.39,55495.0,19.76,59025.0,98.19,61735.0,-25.85,True,,,-72.0225,-73.1541,-72.7464,-71.6316,-19.8636,-18.5727,-16.1481,-17.554,2022-08-23T16:11:42.615,2022-08-23T16:11:50.615,-72.38865,-18.0346,12.708661417322835,6.733031674208145,3.421052631578948,0.7075471698113207,13.490196078431374,45.44769874476987,17.491812283877493
735123,20220204T062040762_20220204T062048762,20220204,21735.0,199.52,22015.0,1942.64,23225.0,193.6,2,True,True,C2,C1,976.86,5874.75,1402.97,21871.41,95.81,502.84,1045.297,0.996,2357.47,20815.0,-28.75,21985.0,2120.96,24655.0,10.02,True,,,87.076,85.9314,86.3703,87.6102,103.937,112.774,125.241,120.813,2022-02-04T06:20:40.762,2022-02-04T06:20:48.762,86.746975,115.69125,11.32283464566929,6.298642533936651,1.8421052631578945,0.3113207547169812,18.352941176470587,45.38912133891213,16.483034287136462
121613,20240411T211335294_20240411T211343294,20240411,74765.0,53.09,76475.0,529.92,78645.0,96.34,1,False,True,C4,B5,3726.73,745.97,700.04,75905.55,693.89,926.72,1055.197,0.962,1340.47,74455.0,60.23,76105.0,581.64,78645.0,49.88,True,,True,17.0836,15.8642,15.9442,17.166,-146.671,-146.592,-145.745,-145.819,2024-04-11T21:13:35.294,2024-04-11T21:13:43.294,16.5145,-146.20675,15.984251968503935,6.877828054298643,4.605263157894736,0.5660377358490567,12.07843137254902,43.80753138075314,16.08065633015147
275727,20211009T225510616_20211009T225518616,20211009,82085.0,148.77,82505.0,1442.5,84715.0,144.27,2,True,True,C1,C1,208.82,5206.59,978.54,82279.78,139.45,929.91,3985.966,0.959,4692.18,72535.0,-103.12,82705.0,1408.2,86215.0,78.7,True,,False,-73.9793,-75.2823,-75.5247,-74.2075,27.256,26.2239,29.8235,30.5808,2021-10-09T22:55:10.616,2021-10-09T22:55:18.616,-74.74844999999999,28.47105,11.763779527559056,7.312217194570135,5.394736842105264,0.7075471698113207,13.96078431372549,45.68200836820084,15.178926584027892
528037,20211030T201705314_20211030T201713314,20211030,71156.0,27.96,71876.0,278.48,74086.0,27.87,3,True,True,B6,B2,383.75,630.69,231.54,71544.45,260.93,890.8,220.234,0.966,1272.77,67856.0,-12.78,71836.0,315.44,75656.0,-15.49,True,,,-75.8917,-77.0904,-77.6259,-76.3971,115.46,113.182,116.855,118.901,2021-10-30T20:17:05.314,2021-10-30T20:17:13.314,-76.75127499999999,116.0995,11.88976377952756,6.877828054298643,4.605263157894736,0.7075471698113207,12.549019607843135,45.50627615062761,17.86430207999699
837242,20210427T165329037_20210427T165337037,20210427,60535.0,25.57,60925.0,46.1,61705.0,4.67,3,True,False,B2,A4,177.59,46.96,296.3,60858.59,355.28,70.56,6.629,0.976,179.11,60535.0,29.61,60895.0,51.68,63895.0,-1.16,True,,,-64.5603,-65.6719,-66.1736,-65.0439,-134.914,-136.147,-134.408,-133.223,2021-04-27T16:53:29.037,2021-04-27T16:53:37.037,-65.36242499999999,-134.673,12.141732283464568,6.8054298642533935,5.789473684210527,0.8773584905660377,14.352941176470589,44.74476987447699,15.2882946265579
139488,20240426T054308579_20240426T054316579,20240426,16875.0,38.56,17145.0,361.21,20695.0,54.99,2,True,True,C1,B3,1457.05,2902.22,224.5,17020.76,107.89,1748.09,713.447,0.852,357.91,16665.0,-2.15,17145.0,403.38,20695.0,32.06,True,,False,-81.5212,-82.4895,-83.0421,-82.0302,16.6531,12.1294,16.6253,20.9021,2024-04-26T05:43:08.579,2024-04-26T05:43:16.579,-82.27074999999999,16.577475,12.83464566929134,7.239819004524887,3.289473684210526,0.7641509433962264,13.568627450980394,44.86192468619247,17.441358561404158
873038,20211113T064736548_20211113T064744548,20211113,22975.0,0.0,24895.0,17.99,25685.0,1.82,4,False,True,B1,A1,129.98,18.18,154.16,24841.56,364.5,53.88,18.601,0.691,113.67,22975.0,-1.65,25025.0,22.98,26575.0,-7.99,True,,,-60.2129,-61.57,-61.5455,-60.1895,-63.8579,-63.8304,-61.8253,-61.9348,2021-11-13T06:47:36.548,2021-11-13T06:47:44.548,-60.879475,-62.8621,10.188976377952756,5.212669683257919,5.789473684210527,0.9339622641509432,16.549019607843135,45.59414225941423,15.7317561231705
873554,20211113T191835345_20211113T191843345,20211113,67976.0,80.57,69976.0,84.1,72896.0,76.74,10,True,False,B1,A8,43.65,85.44,585.08,68780.4,6718.61,1229.65,4.911,0.436,3104.08,67976.0,79.67,69376.0,102.49,72896.0,76.34,True,,,13.4714,12.2734,12.262,13.46,108.813,108.798,109.605,109.624,2021-11-13T19:18:35.345,2021-11-13T19:18:43.345,12.8667,109.21,11.700787401574804,6.081447963800905,5.789473684210527,1.1320754716981134,11.372549019607842,45.85774058577406,18.065925873333757
731272,20220203T015036639_20220203T015044639,20220203,6535.0,11.82,7445.0,118.47,8415.0,11.77,3,True,True,B7,B1,676.24,126.76,383.75,7296.94,407.27,168.6,541.734,0.763,328.11,5695.0,50.17,7465.0,184.99,8815.0,-25.25,True,,,-54.9274,-55.9174,-55.4416,-54.4611,115.967,116.774,117.785,116.965,2022-02-03T01:50:36.639,2022-02-03T01:50:44.639,-55.186875,116.87275,11.826771653543307,4.561085972850679,4.605263157894736,1.1320754716981134,13.96078431372549,45.56485355648535,18.34916587380232
125981,20240415T033427785_20240415T033435785,20240415,12245.0,159.05,12785.0,1512.7,22345.0,118.33,6,True,True,C3,C1,2236.46,16205.97,840.73,12445.97,154.34,3728.72,210136.015,0.45,5194.81,9655.0,-876.2,12795.0,2085.46,23815.0,-693.58,True,,False,-80.2272,-81.3366,-81.5429,-80.4215,-3.6778,-4.8756,-0.1211,0.5473,2024-04-15T03:34:27.785,2024-04-15T03:34:35.785,-80.88205,-2.0318,13.21259842519685,5.212669683257919,2.763157894736842,0.7075471698113207,14.352941176470589,45.18410041841004,18.56698523211644
897820,20211128T212114737_20211128T212122737,20211128,75826.0,2.89,76566.0,29.44,77316.0,2.98,4,True,True,B2,A2,228.67,30.3,149.82,76485.96,336.8,85.38,56.365,0.574,112.55,72896.0,-13.02,76576.0,42.09,78296.0,-13.98,True,,,-37.8154,-39.072,-39.0904,-37.8335,-91.505,-91.5481,-90.4521,-90.4288,2021-11-28T21:21:14.737,2021-11-28T21:21:22.737,-38.452825,-90.9835,14.724409448818898,2.8959276018099547,3.684210526315789,1.018867924528302,13.647058823529411,44.8326359832636,19.196889691734043
1370662,20220513T051303211_20220513T051311211,20220513,17925.0,131.95,18285.0,1392.48,19495.0,139.95,2,True,True,C2,C1,1194.61,3437.76,1103.08,18115.1,126.6,494.5,1723.078,0.99,1778.83,16735.0,3.74,18255.0,1353.27,20455.0,2.82,True,,,67.9586,66.7122,66.7369,67.9847,67.8974,68.0502,70.1798,70.1397,2022-05-13T05:13:03.211,2022-05-13T05:13:11.211,67.34809999999999,69.066775,12.26771653543307,6.153846153846154,6.052631578947368,0.7358490566037736,13.725490196078432,44.97907949790795,16.085386981183262
197048,20240225T081705459_20240225T081713459,20240225,29745.0,18.62,30495.0,194.82,31275.0,19.54,1,False,True,C1,B1,1201.55,197.17,1561.89,30442.17,357.29,56.53,1632.861,0.744,369.81,29695.0,82.09,30585.0,243.6,32205.0,-76.74,True,,True,-63.6105,-64.6552,-64.3846,-63.3473,-74.2019,-73.6118,-72.1564,-72.795,2024-02-25T08:17:05.459,2024-02-25T08:17:13.459,-63.9994,-73.191275,11.763779527559056,7.601809954751131,4.078947368421053,0.3113207547169812,15.137254901960784,45.47698744769875,15.629900044892253
87625,20230806T100142094_20230806T100150094,20230806,34855.0,0.0,37295.0,84.18,37705.0,8.43,1,False,True,B9,A8,890.88,85.94,510.18,37257.63,185.92,39.25,1720.056,0.301,-31.68,34855.0,-52.83,37305.0,100.5,37975.0,-61.12,True,,False,19.2113,17.8724,17.5925,18.9238,-100.863,-101.16,-100.177,-99.8752,2023-08-06T10:01:42.094,2023-08-06T10:01:50.094,18.4,-100.5188,12.26771653543307,5.357466063348416,3.421052631578948,0.4528301886792453,16.15686274509804,45.47698744769875,16.867084388163534
1256979,20220826T222108729_20220826T222116729,20220826,78975.0,93.58,79485.0,971.16,80805.0,685.4,2,True,True,B9,B9,0.0,10881.09,537.41,79168.09,143.13,3632.13,1492.583,0.99,5005.91,78295.0,71.62,79415.0,1052.21,80805.0,665.05,True,,True,-19.0725,-20.3138,-20.1508,-18.9129,117.26,117.431,118.319,118.142,2022-08-26T22:21:08.729,2022-08-26T22:21:16.729,-19.612500000000004,117.788,11.32283464566929,7.746606334841629,5.526315789473684,0.7075471698113207,13.411764705882351,45.44769874476987,15.837232609551847
478528,20210918T080153830_20210918T080201830,20210918,26335.0,0.0,30335.0,2361.13,30665.0,223.02,1,False,True,C2,C2,402.1,2386.32,20215.38,30315.59,148.98,22.04,318874.068,0.449,762.91,26335.0,-313.19,30465.0,2342.12,31375.0,-388.55,True,,,57.4137,56.1304,56.0389,57.3196,132.984,132.838,134.41,134.612,2021-09-18T08:01:53.830,2021-09-18T08:02:01.830,56.72565,133.71099999999998,14.031496062992126,4.923076923076923,2.763157894736842,0.339622641509434,13.490196078431374,45.33054393305439,19.121906466198908
365761,20201119T022710425_20201119T022718425,20201119,5095.0,3.39,8595.0,26.24,10135.0,17.76,10,False,False,A7,A2,49.63,26.63,189.46,8305.1,1712.14,301.57,6.996,0.889,819.25,5095.0,1.66,8905.0,37.99,10135.0,20.87,True,,,-84.468,-85.6289,-85.5843,-84.4326,-10.3638,-10.6686,-0.8934,-2.6093,2020-11-19T02:27:10.425,2020-11-19T02:27:18.425,-85.02844999999999,-6.133775,12.456692913385826,5.357466063348416,3.026315789473684,0.5660377358490567,16.235294117647058,45.1255230125523,17.23267036774365
958549,20221104T075732799_20221104T075740799,20221104,26205.0,504.67,27815.0,4994.01,30575.0,501.76,2,False,True,C5,C4,893.53,7396.31,6110.0,27245.0,643.67,976.56,15527.927,0.994,16204.86,25135.0,9.93,27845.0,4934.27,34615.0,-135.12,True,,,-30.344,-31.5152,-31.8661,-30.6888,-76.5415,-76.949,-76.0492,-75.6491,2022-11-04T07:57:32.799,2022-11-04T07:57:40.799,-31.103525,-76.2972,9.37007874015748,1.8099547511312215,2.1052631578947367,0.9622641509433962,18.50980392156863,46.58995815899581,20.65267711930872
1354480,20220508T040450612_20220508T040458612,20220508,13465.0,609.81,13955.0,6386.55,15285.0,634.34,2,True,True,C6,C6,524.6,13105.76,5662.37,13742.96,180.71,524.22,15525.107,0.996,8050.11,12535.0,41.45,14045.0,6067.55,17215.0,42.9,True,,,-21.7212,-22.9617,-23.3082,-22.0605,137.114,136.739,137.652,138.022,2022-05-08T04:04:50.612,2022-05-08T04:04:58.612,-22.5129,137.38175,12.51968503937008,6.009049773755656,3.684210526315789,0.5660377358490567,15.294117647058822,45.21338912133891,16.713510156311685
192407,20240221T224754659_20240221T224802659,20240221,80955.0,0.0,83945.0,10167.47,85675.0,3559.75,2,True,True,M1,M1,2357.99,16004100.42,5092.49,83942.16,0.42,1648.4,5470868.985,0.658,8190.6,80955.0,57.38,83085.0,20024.3,85675.0,3572.91,True,,False,-73.2867,-74.2784,-73.922,-72.9446,-26.748,-25.4705,-23.3924,-24.7635,2024-02-21T22:47:54.659,2024-02-21T22:48:02.659,-73.607925,-25.0936,11.637795275590552,6.588235294117647,4.2105263157894735,0.7075471698113207,14.666666666666666,45.44769874476987,16.741530533254462
207106,20201102T153300698_20201102T153308698,20201102,54975.0,28.27,56255.0,82.55,58145.0,8.33,11,False,True,B2,A8,208.84,83.7,615.44,56114.05,866.21,147.64,200.412,0.877,539.11,54975.0,36.99,56595.0,94.84,59335.0,-21.74,True,,False,-65.7421,-66.703,-67.1089,-66.138,26.6429,25.6137,27.0088,28.0014,2020-11-02T15:33:00.698,2020-11-02T15:33:08.698,-66.423,26.8167,10.62992125984252,9.122171945701355,4.2105263157894735,0.9622641509433962,12.705882352941176,45.53556485355649,16.833669121225597
1350753,20220506T084638334_20220506T084646334,20220506,30505.0,77.12,30865.0,734.94,31935.0,73.67,4,False,True,C1,B7,803.7,1597.14,627.06,30702.46,133.89,427.42,3906.049,0.914,1044.14,29815.0,-49.1,30925.0,717.78,34015.0,-145.25,True,,,-4.7293,-6.0381,-6.1222,-4.8069,160.879,160.794,161.708,161.792,2022-05-06T08:46:38.334,2022-05-06T08:46:46.334,-5.424125,161.29325,13.338582677165354,4.561085972850679,4.473684210526316,0.7641509433962264,15.215686274509803,45.38912133891213,16.25768858263949
773244,20220609T103201361_20220609T103209361,20220609,36545.0,140.62,37085.0,1483.54,40675.0,148.11,4,True,True,C1,C1,453.12,6654.65,947.28,36789.92,172.69,1520.42,562.988,0.997,6345.24,35215.0,-7.32,37085.0,1499.8,43375.0,0.61,True,,,-13.0332,-14.3368,-14.3259,-13.0224,71.6377,71.6504,72.5793,72.5619,2022-06-09T10:32:01.361,2022-06-09T10:32:09.361,-13.679575,72.10732499999999,8.4251968503937,8.32579185520362,5.394736842105264,0.9339622641509432,13.254901960784313,46.53138075313807,17.134029474224093
394401,20210809T061409166_20210809T061417166,20210809,21475.0,3.95,21955.0,42.3,22485.0,38.0,10,True,False,A7,A4,33.14,630.12,22.86,21651.5,130.17,4497.29,14.954,0.962,339.76,18895.0,-0.34,22035.0,49.68,22485.0,33.46,True,,False,-67.753,-68.7627,-68.2462,-67.251,-61.4588,-60.1469,-58.5442,-59.8954,2021-08-09T06:14:09.166,2021-08-09T06:14:17.166,-68.00322499999999,-60.011325,11.007874015748031,6.8054298642533935,5.394736842105264,1.1320754716981134,15.372549019607844,45.21338912133891,15.073945665248443
358787,20201114T092333833_20201114T092341833,20201114,33625.0,1.27,34395.0,12.74,35175.0,1.26,2,True,False,B1,A1,128.03,13.12,63.8,34307.09,349.53,90.11,2.142,0.904,69.01,32815.0,0.96,34235.0,15.91,35455.0,-0.39,True,,,77.4546,76.4933,77.0385,78.0243,-125.98,-123.527,-121.008,-123.371,2020-11-14T09:23:33.833,2020-11-14T09:23:41.833,77.252675,-123.4715,12.89763779527559,5.285067873303167,2.368421052631579,0.339622641509434,17.80392156862745,45.1255230125523,16.17980605610049
944235,20210420T191027094_20210420T191035094,20210420,68575.0,37.32,69955.0,94.45,73735.0,16.83,14,True,False,B1,A9,87.62,172.06,91.93,69095.0,796.92,1869.39,39.807,0.945,980.47,68575.0,38.9,69885.0,107.1,73735.0,12.02,True,,False,-82.4142,-83.558,-83.9524,-82.7694,138.137,134.666,141.551,144.105,2021-04-20T19:10:27.094,2021-04-20T19:10:35.094,-83.1735,139.61475,10.692913385826772,6.3710407239819,3.684210526315789,0.5094339622641509,16.627450980392158,45.85774058577406,16.257209835445167
317812,20200310T103023308_20200310T103031308,20200310,35355.0,0.36,35785.0,3.49,37975.0,0.42,28,True,True,A1,sub-A,15.02,13.02,2.35,35555.0,143.77,1000.44,1.815,0.397,75.31,34015.0,-1.77,36155.0,7.47,37975.0,1.45,True,,,-21.8333,-23.032,-22.9727,-21.7757,-85.9025,-85.8515,-84.9953,-85.0536,2020-03-10T10:30:23.308,2020-03-10T10:30:31.308,-22.403425,-85.450725,12.83464566929134,2.244343891402715,4.736842105263158,1.30188679245283,17.176470588235293,45.18410041841004,16.521710534944617
810496,20210417T122013377_20210417T122021377,20210417,41655.0,9.43,43865.0,93.87,45415.0,53.41,10,False,True,B1,A9,90.18,155.64,100.05,43005.01,857.52,1671.92,58.514,0.936,1510.66,41335.0,-1.43,43605.0,112.36,45415.0,57.52,True,,,-2.6302,-3.9593,-3.968,-2.6359,-179.807,-179.814,-178.883,-178.876,2021-04-17T12:20:13.377,2021-04-17T12:20:21.377,-3.29835,-179.345,13.086614173228346,4.126696832579186,3.421052631578948,0.679245283018868,18.274509803921568,44.71548117154812,15.696400104124962
161156,20200523T052607455_20200523T052615455,20200523,18545.0,1.42,19465.0,14.22,20935.0,6.86,19,False,False,A3,A1,16.39,46.37,9.98,18985.75,309.08,1800.07,4.447,0.854,349.41,17695.0,-1.13,18805.0,27.14,20935.0,3.64,True,,,-85.693,-86.9288,-86.9639,-85.7178,14.6571,11.6713,27.567,25.9225,2020-05-23T05:26:07.455,2020-05-23T05:26:15.455,-86.325875,19.954475,12.708661417322835,7.167420814479638,3.289473684210526,0.7075471698113207,13.568627450980394,44.86192468619247,17.69634477700282
881531,20211117T033709884_20211117T033717884,20211117,10255.0,31.62,12135.0,43.42,16615.0,7.74,4,True,False,B1,A4,85.8,45.21,184.65,11485.0,2286.96,701.84,9.094,0.935,1393.26,10255.0,33.44,12085.0,52.25,16615.0,-0.09,True,,,-31.1562,-32.3586,-32.3704,-31.1679,63.9561,63.9302,64.8689,64.8826,2021-11-17T03:37:09.884,2021-11-17T03:37:17.884,-31.763275,64.40944999999999,9.496062992125983,8.97737556561086,3.8157894736842106,1.160377358490566,13.647058823529411,46.29707112970711,16.606264656851863
799394,20210413T160634078_20210413T160642078,20210413,56285.0,1.65,59445.0,16.49,61855.0,5.25,35,True,False,A4,A1,31.07,18.48,40.32,58784.75,1382.19,793.68,3.965,0.886,670.56,55135.0,2.52,59295.0,28.68,61855.0,2.49,True,,,16.8924,15.5284,15.655,17.0225,-129.3,-129.158,-128.155,-128.289,2021-04-13T16:06:34.078,2021-04-13T16:06:42.078,16.274575,-128.72549999999998,11.133858267716535,3.1131221719457014,1.1842105263157896,1.2169811320754718,20.0,45.44769874476987,17.90412915717664
1302667,20221011T043550767_20221011T043558767,20221011,16135.0,1184.17,16295.0,1520.3,20825.0,152.02,1,False,True,C2,C1,972.27,12886.05,867.4,16073.38,104.76,1950.54,4221.697,0.977,5682.28,16135.0,1294.81,16395.0,1675.92,23575.0,-52.04,True,,,-71.8007,-72.9537,-73.1696,-72.0081,-118.369,-119.12,-116.561,-115.956,2022-10-11T04:35:50.767,2022-10-11T04:35:58.767,-72.483025,-117.5015,11.88976377952756,7.601809954751131,3.684210526315789,0.9622641509433962,14.352941176470589,45.15481171548117,16.354198696510366
